,Nome Colonna,# Nulli 1995,% Nulli 1995,# Nulli 1996,% Nulli 1996,# Nulli 1997,% Nulli 1997,# Nulli 1998,% Nulli 1998,# Nulli 1999,% Nulli 1999,# Nulli 2000,% Nulli 2000,# Nulli 2001,% Nulli 2001,# Nulli 2002,% Nulli 2002,# Nulli 2003,% Nulli 2003,# Nulli 2004,% Nulli 2004,# Nulli 2005,% Nulli 2005,# Nulli 2006,% Nulli 2006,# Nulli 2007,% Nulli 2007,# Nulli 2008,% Nulli 2008,# Nulli 2009,% Nulli 2009,# Nulli 2010,% Nulli 2010,# Nulli 2011,% Nulli 2011,# Nulli 2012,% Nulli 2012,# Nulli 2013,% Nulli 2013,# Nulli 2014,% Nulli 2014,# Nulli 2015,% Nulli 2015,# Nulli 2016,% Nulli 2016,# Nulli 2017,% Nulli 2017,# Nulli 2018,% Nulli 2018,# Nulli 2019,% Nulli 2019,# Nulli 2020,% Nulli 2020,# Nulli 2021,% Nulli 2021,# Nulli 2022,% Nulli 2022,# Nulli 2023,% Nulli 2023,# Nulli 2024,% Nulli 2024
0,Ragione socialeCaratteri latini,0,0.0,0,0.0,0,0.0,0,0.0,0,0.0,0,0.0,0,0.0,0,0.0,0,0.0,0,0.0,0,0.0,0,0.0,0,0.0,0,0.0,0,0.0,0,0.0,0,0.0,0,0.0,0,0.0,0,0.0,0,0.0,0,0.0,0,0.0,0,0.0,0,0.0,0,0.0,0,0.0,0,0.0,0,0.0,0,0.0
1,Data chiusura,0,0.0,0,0.0,0,0.0,0,0.0,0,0.0,0,0.0,0,0.0,0,0.0,0,0.0,0,0.0,0,0.0,0,0.0,0,0.0,0,0.0,0,0.0,0,0.0,0,0.0,0,0.0,0,0.0,0,0.0,0,0.0,0,0.0,0,0.0,0,0.0,0,0.0,0,0.0,0,0.0,0,0.0,0,0.0,0,0.0
2,Anno fiscale,0,0.0,0,0.0,0,0.0,0,0.0,0,0.0,0,0.0,0,0.0,0,0.0,0,0.0,0,0.0,0,0.0,0,0.0,0,0.0,0,0.0,0,0.0,0,0.0,0,0.0,0,0.0,0,0.0,0,0.0,0,0.0,0,0.0,0,0.0,0,0.0,0,0.0,0,0.0,0,0.0,0,0.0,0,0.0,0,0.0
3,Trimestre,2000,100.0,2000,100.0,2000,100.0,2000,100.0,2000,100.0,2000,100.0,2000,100.0,2000,100.0,2000,100.0,2000,100.0,2000,100.0,2000,100.0,2000,100.0,2000,100.0,2000,100.0,2000,100.0,2000,100.0,2000,100.0,431,21.55,0,0.0,0,0.0,0,0.0,0,0.0,0,0.0,0,0.0,0,0.0,0,0.0,0,0.0,0,0.0,0,0.0
4,Periodo di competenza,0,0.0,0,0.0,0,0.0,0,0.0,0,0.0,0,0.0,0,0.0,0,0.0,0,0.0,0,0.0,0,0.0,0,0.0,0,0.0,0,0.0,0,0.0,0,0.0,0,0.0,0,0.0,0,0.0,0,0.0,0,0.0,0,0.0,0,0.0,0,0.0,0,0.0,0,0.0,0,0.0,0,0.0,0,0.0,0,0.0
5,Stato revisione/audit,0,0.0,0,0.0,0,0.0,0,0.0,0,0.0,0,0.0,0,0.0,1,0.05,1,0.05,21,1.05,21,1.05,22,1.1,19,0.95,23,1.15,21,1.05,24,1.2,24,1.2,24,1.2,11,0.55,0,0.0,0,0.0,0,0.0,0,0.0,0,0.0,0,0.0,0,0.0,0,0.0,0,0.0,0,0.0,0,0.0
6,Status bilancio,0,0.0,0,0.0,0,0.0,0,0.0,0,0.0,0,0.0,0,0.0,1,0.05,3,0.15,33,1.65,35,1.75,36,1.8,34,1.7,38,1.9,35,1.75,41,2.05,39,1.95,40,2.0,19,0.95,0,0.0,0,0.0,0,0.0,0,0.0,0,0.0,0,0.0,0,0.0,0,0.0,0,0.0,0,0.0,0,0.0
7,Principi contabili,0,0.0,0,0.0,0,0.0,0,0.0,0,0.0,0,0.0,0,0.0,0,0.0,0,0.0,0,0.0,0,0.0,0,0.0,0,0.0,0,0.0,0,0.0,0,0.0,0,0.0,0,0.0,0,0.0,0,0.0,0,0.0,0,0.0,0,0.0,0,0.0,0,0.0,0,0.0,0,0.0,0,0.0,0,0.0,0,0.0
8,Fonte dati di bilancio,4,0.2,9,0.45,6,0.3,12,0.6,6,0.3,6,0.3,7,0.35,12,0.6,6,0.3,38,1.9,40,2.0,49,2.45,40,2.0,52,2.6,51,2.55,46,2.3,44,2.2,41,2.05,19,0.95,0,0.0,0,0.0,0,0.0,0,0.0,0,0.0,0,0.0,0,0.0,0,0.0,0,0.0,0,0.0,0,0.0
9,Unità originale,0,0.0,0,0.0,0,0.0,0,0.0,0,0.0,0,0.0,0,0.0,0,0.0,0,0.0,0,0.0,0,0.0,0,0.0,0,0.0,0,0.0,0,0.0,0,0.0,0,0.0,0,0.0,0,0.0,0,0.0,0,0.0,0,0.0,0,0.0,0,0.0,0,0.0,0,0.0,0,0.0,0,0.0,0,0.0,0,0.0
10,Valuta originale,0,0.0,0,0.0,0,0.0,0,0.0,0,0.0,0,0.0,0,0.0,0,0.0,0,0.0,0,0.0,0,0.0,0,0.0,0,0.0,0,0.0,0,0.0,0,0.0,0,0.0,0,0.0,0,0.0,0,0.0,0,0.0,0,0.0,0,0.0,0,0.0,0,0.0,0,0.0,0,0.0,0,0.0,0,0.0,0,0.0
11,Tasso di cambio con la valuta originale,0,0.0,0,0.0,0,0.0,0,0.0,0,0.0,0,0.0,0,0.0,0,0.0,0,0.0,0,0.0,0,0.0,0,0.0,0,0.0,0,0.0,0,0.0,0,0.0,0,0.0,0,0.0,0,0.0,0,0.0,0,0.0,0,0.0,0,0.0,0,0.0,0,0.0,0,0.0,0,0.0,0,0.0,0,0.0,0,0.0
12,Totale valore della produzione,16,0.8,6,0.3,5,0.25,3,0.15,4,0.2,2,0.1,4,0.2,3,0.15,0,0.0,3,0.15,1,0.05,9,0.45,3,0.15,11,0.55,4,0.2,3,0.15,2,0.1,0,0.0,0,0.0,0,0.0,0,0.0,0,0.0,0,0.0,0,0.0,0,0.0,0,0.0,0,0.0,0,0.0,0,0.0,0,0.0
13,Utile/Perdita prima delle imposte,2,0.1,1,0.05,1,0.05,0,0.0,0,0.0,0,0.0,0,0.0,0,0.0,0,0.0,0,0.0,0,0.0,0,0.0,0,0.0,7,0.35,0,0.0,1,0.05,0,0.0,0,0.0,0,0.0,0,0.0,0,0.0,0,0.0,0,0.0,0,0.0,0,0.0,0,0.0,0,0.0,0,0.0,0,0.0,0,0.0
14,Utile/perdita di esercizio [utile netto],5,0.25,4,0.2,2,0.1,0,0.0,0,0.0,0,0.0,0,0.0,0,0.0,0,0.0,0,0.0,0,0.0,0,0.0,0,0.0,7,0.35,0,0.0,1,0.05,0,0.0,0,0.0,0,0.0,0,0.0,0,0.0,0,0.0,0,0.0,0,0.0,0,0.0,0,0.0,0,0.0,0,0.0,0,0.0,0,0.0
15,Flusso finanziario,50,2.5,30,1.5,41,2.05,49,2.45,28,1.4,15,0.75,29,1.45,18,0.9,26,1.3,30,1.5,33,1.65,39,1.95,27,1.35,29,1.45,24,1.2,20,1.0,20,1.0,9,0.45,4,0.2,0,0.0,0,0.0,0,0.0,0,0.0,0,0.0,0,0.0,0,0.0,0,0.0,0,0.0,0,0.0,0,0.0
16,Totale Attivo,1,0.05,0,0.0,0,0.0,0,0.0,0,0.0,0,0.0,0,0.0,0,0.0,0,0.0,0,0.0,0,0.0,0,0.0,0,0.0,0,0.0,0,0.0,0,0.0,0,0.0,0,0.0,0,0.0,0,0.0,0,0.0,0,0.0,0,0.0,0,0.0,0,0.0,0,0.0,0,0.0,0,0.0,0,0.0,0,0.0
17,Patrimonio netto,1,0.05,0,0.0,0,0.0,0,0.0,0,0.0,0,0.0,0,0.0,0,0.0,0,0.0,0,0.0,0,0.0,0,0.0,0,0.0,0,0.0,0,0.0,0,0.0,0,0.0,0,0.0,0,0.0,0,0.0,0,0.0,0,0.0,0,0.0,0,0.0,0,0.0,0,0.0,0,0.0,0,0.0,0,0.0,0,0.0
18,Indice di disponibilità,17,0.85,5,0.25,3,0.15,2,0.1,2,0.1,1,0.05,5,0.25,5,0.25,7,0.35,6,0.3,3,0.15,4,0.2,2,0.1,4,0.2,5,0.25,5,0.25,2,0.1,1,0.05,0,0.0,0,0.0,0,0.0,0,0.0,0,0.0,0,0.0,0,0.0,0,0.0,0,0.0,0,0.0,0,0.0,0,0.0
19,Margine di profitto,57,2.85,57,2.85,46,2.3,39,1.95,51,2.55,56,2.8,50,2.5,40,2.0,59,2.95,52,2.6,61,3.05,78,3.9,70,3.5,79,3.95,69,3.45,68,3.4,51,2.55,39,1.95,13,0.65,0,0.0,0,0.0,0,0.0,0,0.0,0,0.0,0,0.0,0,0.0,0,0.0,0,0.0,0,0.0,0,0.0
20,Redditività del capitale proprio (ROE) - Lordo,27,1.35,9,0.45,28,1.4,28,1.4,26,1.3,33,1.65,29,1.45,27,1.35,49,2.45,42,2.1,41,2.05,38,1.9,37,1.85,39,1.95,51,2.55,48,2.4,40,2.0,46,2.3,17,0.85,0,0.0,0,0.0,0,0.0,0,0.0,0,0.0,0,0.0,0,0.0,0,0.0,0,0.0,0,0.0,0,0.0
21,Rendimento del capitale investito (ROCE) - Lordo,59,2.95,56,2.8,52,2.6,66,3.3,53,2.65,40,2.0,33,1.65,28,1.4,40,2.0,43,2.15,30,1.5,43,2.15,40,2.0,45,2.25,29,1.45,26,1.3,23,1.15,21,1.05,10,0.5,0,0.0,0,0.0,0,0.0,0,0.0,0,0.0,0,0.0,0,0.0,0,0.0,0,0.0,0,0.0,0,0.0
22,Coefficiente di solvibilità (sulla base del patrimonio),11,0.55,2,0.1,0,0.0,2,0.1,4,0.2,3,0.15,7,0.35,6,0.3,9,0.45,3,0.15,3,0.15,4,0.2,4,0.2,3,0.15,6,0.3,5,0.25,3,0.15,3,0.15,4,0.2,0,0.0,0,0.0,0,0.0,0,0.0,0,0.0,0,0.0,0,0.0,0,0.0,0,0.0,0,0.0,0,0.0
23,Numero dipendenti,416,20.8,277,13.85,185,9.25,196,9.8,218,10.9,176,8.8,209,10.45,169,8.45,157,7.85,176,8.8,130,6.5,101,5.05,67,3.35,91,4.55,75,3.75,51,2.55,43,2.15,42,2.1,13,0.65,0,0.0,0,0.0,0,0.0,0,0.0,0,0.0,0,0.0,0,0.0,0,0.0,0,0.0,0,0.0,0,0.0
24,Immobilizzazioni,1,0.05,0,0.0,0,0.0,0,0.0,0,0.0,0,0.0,0,0.0,0,0.0,0,0.0,0,0.0,0,0.0,0,0.0,0,0.0,0,0.0,0,0.0,0,0.0,0,0.0,0,0.0,0,0.0,0,0.0,0,0.0,0,0.0,0,0.0,0,0.0,0,0.0,0,0.0,0,0.0,0,0.0,0,0.0,0,0.0
25,Immobilizzazioni immateriali,12,0.6,1,0.05,0,0.0,0,0.0,0,0.0,2,0.1,4,0.2,5,0.25,8,0.4,2,0.1,2,0.1,2,0.1,1,0.05,2,0.1,3,0.15,6,0.3,3,0.15,1,0.05,0,0.0,0,0.0,0,0.0,0,0.0,0,0.0,0,0.0,0,0.0,0,0.0,0,0.0,0,0.0,0,0.0,0,0.0
26,Immobilizzazioni materiali,12,0.6,1,0.05,0,0.0,0,0.0,0,0.0,2,0.1,4,0.2,5,0.25,8,0.4,2,0.1,2,0.1,2,0.1,1,0.05,2,0.1,3,0.15,6,0.3,3,0.15,1,0.05,0,0.0,0,0.0,0,0.0,0,0.0,0,0.0,0,0.0,0,0.0,0,0.0,0,0.0,0,0.0,0,0.0,0,0.0
27,Altre immobilizzazioni,12,0.6,1,0.05,0,0.0,0,0.0,0,0.0,2,0.1,4,0.2,5,0.25,8,0.4,2,0.1,3,0.15,2,0.1,1,0.05,2,0.1,3,0.15,6,0.3,3,0.15,1,0.05,0,0.0,0,0.0,0,0.0,0,0.0,0,0.0,0,0.0,0,0.0,0,0.0,0,0.0,0,0.0,0,0.0,0,0.0
28,Attività correnti,1,0.05,0,0.0,0,0.0,0,0.0,0,0.0,0,0.0,0,0.0,0,0.0,0,0.0,0,0.0,0,0.0,0,0.0,0,0.0,0,0.0,0,0.0,0,0.0,0,0.0,0,0.0,0,0.0,0,0.0,0,0.0,0,0.0,0,0.0,0,0.0,0,0.0,0,0.0,0,0.0,0,0.0,0,0.0,0,0.0
29,Rimanenze,1,0.05,0,0.0,0,0.0,0,0.0,0,0.0,0,0.0,0,0.0,0,0.0,0,0.0,0,0.0,0,0.0,0,0.0,0,0.0,0,0.0,0,0.0,0,0.0,0,0.0,0,0.0,0,0.0,0,0.0,0,0.0,0,0.0,0,0.0,0,0.0,0,0.0,0,0.0,0,0.0,0,0.0,0,0.0,0,0.0
30,Crediti verso clienti,1,0.05,0,0.0,0,0.0,0,0.0,0,0.0,0,0.0,0,0.0,0,0.0,0,0.0,0,0.0,0,0.0,0,0.0,0,0.0,0,0.0,0,0.0,0,0.0,0,0.0,0,0.0,0,0.0,0,0.0,0,0.0,0,0.0,0,0.0,0,0.0,0,0.0,0,0.0,0,0.0,0,0.0,0,0.0,0,0.0
31,Altro (Attivo circolante),1,0.05,0,0.0,0,0.0,0,0.0,0,0.0,0,0.0,0,0.0,0,0.0,0,0.0,0,0.0,0,0.0,0,0.0,0,0.0,0,0.0,0,0.0,0,0.0,0,0.0,0,0.0,0,0.0,0,0.0,0,0.0,0,0.0,0,0.0,0,0.0,0,0.0,0,0.0,0,0.0,0,0.0,0,0.0,0,0.0
32,Disponibilità liquide e mezzi equivalenti,19,0.95,5,0.25,4,0.2,2,0.1,3,0.15,4,0.2,4,0.2,7,0.35,9,0.45,2,0.1,4,0.2,4,0.2,5,0.25,6,0.3,7,0.35,3,0.15,4,0.2,2,0.1,1,0.05,0,0.0,0,0.0,0,0.0,0,0.0,0,0.0,0,0.0,0,0.0,0,0.0,0,0.0,0,0.0,0,0.0
33,"Totale Attivo
  .",1,0.05,0,0.0,0,0.0,0,0.0,0,0.0,0,0.0,0,0.0,0,0.0,0,0.0,0,0.0,0,0.0,0,0.0,0,0.0,0,0.0,0,0.0,0,0.0,0,0.0,0,0.0,0,0.0,0,0.0,0,0.0,0,0.0,0,0.0,0,0.0,0,0.0,0,0.0,0,0.0,0,0.0,0,0.0,0,0.0
34,"Patrimonio netto
  .",1,0.05,0,0.0,0,0.0,0,0.0,0,0.0,0,0.0,0,0.0,0,0.0,0,0.0,0,0.0,0,0.0,0,0.0,0,0.0,0,0.0,0,0.0,0,0.0,0,0.0,0,0.0,0,0.0,0,0.0,0,0.0,0,0.0,0,0.0,0,0.0,0,0.0,0,0.0,0,0.0,0,0.0,0,0.0,0,0.0
35,Capitale sociale,11,0.55,2,0.1,0,0.0,0,0.0,0,0.0,1,0.05,2,0.1,4,0.2,4,0.2,0,0.0,1,0.05,0,0.0,1,0.05,1,0.05,2,0.1,2,0.1,1,0.05,0,0.0,0,0.0,0,0.0,0,0.0,0,0.0,0,0.0,0,0.0,0,0.0,0,0.0,0,0.0,0,0.0,0,0.0,0,0.0
36,Riserve e altri fondi,11,0.55,2,0.1,0,0.0,0,0.0,0,0.0,1,0.05,2,0.1,4,0.2,4,0.2,0,0.0,1,0.05,0,0.0,1,0.05,1,0.05,2,0.1,2,0.1,1,0.05,0,0.0,0,0.0,0,0.0,0,0.0,0,0.0,0,0.0,0,0.0,0,0.0,0,0.0,0,0.0,0,0.0,0,0.0,0,0.0
37,Passività non correnti,1,0.05,0,0.0,0,0.0,0,0.0,0,0.0,0,0.0,0,0.0,0,0.0,0,0.0,0,0.0,0,0.0,0,0.0,0,0.0,0,0.0,0,0.0,0,0.0,0,0.0,0,0.0,0,0.0,0,0.0,0,0.0,0,0.0,0,0.0,0,0.0,0,0.0,0,0.0,0,0.0,0,0.0,0,0.0,0,0.0
38,Indebitamento a lungo termine,23,1.15,7,0.35,8,0.4,10,0.5,6,0.3,3,0.15,9,0.45,12,0.6,17,0.85,13,0.65,9,0.45,9,0.45,12,0.6,14,0.7,9,0.45,8,0.4,5,0.25,4,0.2,1,0.05,0,0.0,0,0.0,0,0.0,0,0.0,0,0.0,0,0.0,0,0.0,0,0.0,0,0.0,0,0.0,0,0.0
39,Altre passività non correnti,23,1.15,7,0.35,8,0.4,10,0.5,6,0.3,3,0.15,9,0.45,12,0.6,17,0.85,13,0.65,9,0.45,9,0.45,12,0.6,14,0.7,9,0.45,8,0.4,5,0.25,4,0.2,1,0.05,0,0.0,0,0.0,0,0.0,0,0.0,0,0.0,0,0.0,0,0.0,0,0.0,0,0.0,0,0.0,0,0.0
40,Fondi per rischi e oneri,152,7.6,144,7.2,173,8.65,208,10.4,224,11.2,217,10.85,230,11.5,200,10.0,261,13.05,269,13.45,229,11.45,231,11.55,250,12.5,272,13.6,276,13.8,254,12.7,260,13.0,265,13.25,109,5.45,0,0.0,0,0.0,0,0.0,0,0.0,0,0.0,0,0.0,0,0.0,0,0.0,0,0.0,0,0.0,0,0.0
41,Passività correnti,1,0.05,0,0.0,0,0.0,0,0.0,0,0.0,0,0.0,0,0.0,0,0.0,0,0.0,0,0.0,0,0.0,0,0.0,0,0.0,0,0.0,0,0.0,0,0.0,0,0.0,0,0.0,0,0.0,0,0.0,0,0.0,0,0.0,0,0.0,0,0.0,0,0.0,0,0.0,0,0.0,0,0.0,0,0.0,0,0.0
42,Debiti,25,1.25,18,0.9,5,0.25,3,0.15,3,0.15,1,0.05,4,0.2,6,0.3,5,0.25,4,0.2,2,0.1,3,0.15,0,0.0,2,0.1,5,0.25,4,0.2,1,0.05,2,0.1,0,0.0,0,0.0,0,0.0,0,0.0,0,0.0,0,0.0,0,0.0,0,0.0,0,0.0,0,0.0,0,0.0,0,0.0
43,Debiti vs Fornitori,3,0.15,2,0.1,0,0.0,1,0.05,0,0.0,0,0.0,0,0.0,0,0.0,0,0.0,3,0.15,1,0.05,1,0.05,0,0.0,1,0.05,1,0.05,2,0.1,1,0.05,1,0.05,0,0.0,0,0.0,0,0.0,0,0.0,0,0.0,0,0.0,0,0.0,0,0.0,0,0.0,0,0.0,0,0.0,0,0.0
44,Altre passività correnti,25,1.25,16,0.8,5,0.25,3,0.15,3,0.15,1,0.05,4,0.2,6,0.3,5,0.25,4,0.2,2,0.1,3,0.15,0,0.0,2,0.1,5,0.25,3,0.15,1,0.05,1,0.05,0,0.0,0,0.0,0,0.0,0,0.0,0,0.0,0,0.0,0,0.0,0,0.0,0,0.0,0,0.0,0,0.0,0,0.0
45,Totale passivo,1,0.05,0,0.0,0,0.0,0,0.0,0,0.0,0,0.0,0,0.0,0,0.0,0,0.0,0,0.0,0,0.0,0,0.0,0,0.0,0,0.0,0,0.0,0,0.0,0,0.0,0,0.0,0,0.0,0,0.0,0,0.0,0,0.0,0,0.0,0,0.0,0,0.0,0,0.0,0,0.0,0,0.0,0,0.0,0,0.0
46,Capitale circolante,126,6.3,135,6.75,180,9.0,181,9.05,150,7.5,144,7.2,168,8.4,154,7.7,198,9.9,208,10.4,188,9.4,223,11.15,218,10.9,240,12.0,238,11.9,252,12.6,249,12.45,224,11.2,68,3.4,0,0.0,0,0.0,0,0.0,0,0.0,0,0.0,0,0.0,0,0.0,0,0.0,0,0.0,0,0.0,0,0.0
47,Capitale circolante netto,1,0.05,0,0.0,0,0.0,0,0.0,0,0.0,0,0.0,0,0.0,0,0.0,1,0.05,9,0.45,12,0.6,11,0.55,13,0.65,16,0.8,13,0.65,16,0.8,14,0.7,14,0.7,8,0.4,0,0.0,0,0.0,0,0.0,0,0.0,0,0.0,0,0.0,0,0.0,0,0.0,0,0.0,0,0.0,0,0.0
48,Valore d'impresa (enterprise value),2000,100.0,1982,99.1,910,45.5,737,36.85,519,25.95,224,11.2,239,11.95,254,12.7,280,14.0,292,14.6,255,12.75,229,11.45,216,10.8,233,11.65,231,11.55,185,9.25,136,6.8,105,5.25,29,1.45,0,0.0,0,0.0,0,0.0,0,0.0,0,0.0,0,0.0,0,0.0,0,0.0,0,0.0,0,0.0,0,0.0
49,"Numero dipendenti
.",416,20.8,277,13.85,185,9.25,196,9.8,218,10.9,176,8.8,209,10.45,169,8.45,157,7.85,176,8.8,130,6.5,101,5.05,67,3.35,91,4.55,75,3.75,51,2.55,43,2.15,42,2.1,13,0.65,0,0.0,0,0.0,0,0.0,0,0.0,0,0.0,0,0.0,0,0.0,0,0.0,0,0.0,0,0.0,0,0.0
50,"Totale valore della produzione
  .",16,0.8,6,0.3,5,0.25,3,0.15,4,0.2,2,0.1,4,0.2,3,0.15,0,0.0,3,0.15,1,0.05,9,0.45,3,0.15,11,0.55,4,0.2,3,0.15,2,0.1,0,0.0,0,0.0,0,0.0,0,0.0,0,0.0,0,0.0,0,0.0,0,0.0,0,0.0,0,0.0,0,0.0,0,0.0,0,0.0
51,Ricavi vendite e prestazioni,18,0.9,8,0.4,9,0.45,7,0.35,7,0.35,6,0.3,6,0.3,4,0.2,3,0.15,6,0.3,4,0.2,11,0.55,5,0.25,13,0.65,5,0.25,5,0.25,4,0.2,4,0.2,1,0.05,0,0.0,0,0.0,0,0.0,0,0.0,0,0.0,0,0.0,0,0.0,0,0.0,0,0.0,0,0.0,0,0.0
52,Costo del venduto,64,3.2,36,1.8,43,2.15,44,2.2,47,2.35,56,2.8,66,3.3,82,4.1,101,5.05,114,5.7,114,5.7,137,6.85,128,6.4,146,7.3,135,6.75,140,7.0,137,6.85,121,6.05,34,1.7,0,0.0,0,0.0,0,0.0,0,0.0,0,0.0,0,0.0,0,0.0,0,0.0,0,0.0,0,0.0,0,0.0
53,Margine sui consumi,64,3.2,36,1.8,43,2.15,44,2.2,47,2.35,56,2.8,66,3.3,82,4.1,101,5.05,113,5.65,113,5.65,137,6.85,128,6.4,146,7.3,135,6.75,140,7.0,137,6.85,121,6.05,34,1.7,0,0.0,0,0.0,0,0.0,0,0.0,0,0.0,0,0.0,0,0.0,0,0.0,0,0.0,0,0.0,0,0.0
54,Oneri diversi di gestione,3,0.15,1,0.05,1,0.05,2,0.1,0,0.0,0,0.0,0,0.0,1,0.05,1,0.05,10,0.5,8,0.4,7,0.35,5,0.25,15,0.75,7,0.35,8,0.4,6,0.3,7,0.35,3,0.15,0,0.0,0,0.0,0,0.0,0,0.0,0,0.0,0,0.0,0,0.0,0,0.0,0,0.0,0,0.0,0,0.0
55,Risultato operativo [EBIT],10,0.5,3,0.15,1,0.05,0,0.0,0,0.0,0,0.0,0,0.0,0,0.0,0,0.0,0,0.0,1,0.05,1,0.05,2,0.1,8,0.4,0,0.0,1,0.05,0,0.0,0,0.0,0,0.0,0,0.0,0,0.0,0,0.0,0,0.0,0,0.0,0,0.0,0,0.0,0,0.0,0,0.0,0,0.0,0,0.0
56,Proventi/oneri finanziari,4,0.2,3,0.15,1,0.05,0,0.0,0,0.0,0,0.0,0,0.0,0,0.0,0,0.0,0,0.0,1,0.05,1,0.05,2,0.1,8,0.4,0,0.0,1,0.05,0,0.0,0,0.0,0,0.0,0,0.0,0,0.0,0,0.0,0,0.0,0,0.0,0,0.0,0,0.0,0,0.0,0,0.0,0,0.0,0,0.0
57,Proventi finanziari,157,7.85,162,8.1,145,7.25,161,8.05,110,5.5,89,4.45,62,3.1,67,3.35,91,4.55,115,5.75,121,6.05,129,6.45,161,8.05,272,13.6,331,16.55,370,18.5,373,18.65,314,15.7,62,3.1,0,0.0,0,0.0,0,0.0,0,0.0,0,0.0,0,0.0,0,0.0,0,0.0,0,0.0,0,0.0,0,0.0
58,Oneri finanziari,25,1.25,14,0.7,8,0.4,14,0.7,9,0.45,3,0.15,3,0.15,4,0.2,2,0.1,10,0.5,3,0.15,11,0.55,7,0.35,14,0.7,7,0.35,6,0.3,2,0.1,2,0.1,0,0.0,0,0.0,0,0.0,0,0.0,0,0.0,0,0.0,0,0.0,0,0.0,0,0.0,0,0.0,0,0.0,0,0.0
59,"Utile/Perdita prima delle imposte
  .",2,0.1,1,0.05,1,0.05,0,0.0,0,0.0,0,0.0,0,0.0,0,0.0,0,0.0,0,0.0,0,0.0,0,0.0,0,0.0,7,0.35,0,0.0,1,0.05,0,0.0,0,0.0,0,0.0,0,0.0,0,0.0,0,0.0,0,0.0,0,0.0,0,0.0,0,0.0,0,0.0,0,0.0,0,0.0,0,0.0
60,Totale imposte,65,3.25,35,1.75,17,0.85,8,0.4,5,0.25,3,0.15,12,0.6,8,0.4,12,0.6,14,0.7,10,0.5,18,0.9,9,0.45,20,1.0,17,0.85,7,0.35,10,0.5,5,0.25,3,0.15,0,0.0,0,0.0,0,0.0,0,0.0,0,0.0,0,0.0,0,0.0,0,0.0,0,0.0,0,0.0,0,0.0
61,Utile/Perdita al netto delle imposte,2,0.1,1,0.05,1,0.05,0,0.0,0,0.0,0,0.0,0,0.0,0,0.0,0,0.0,0,0.0,0,0.0,0,0.0,0,0.0,7,0.35,0,0.0,1,0.05,0,0.0,0,0.0,0,0.0,0,0.0,0,0.0,0,0.0,0,0.0,0,0.0,0,0.0,0,0.0,0,0.0,0,0.0,0,0.0,0,0.0
62,Totale proventi/oneri straordinari e di altra natura,504,25.2,412,20.6,294,14.7,160,8.0,78,3.9,24,1.2,40,2.0,24,1.2,11,0.55,9,0.45,8,0.4,8,0.4,9,0.45,16,0.8,6,0.3,9,0.45,10,0.5,9,0.45,6,0.3,0,0.0,0,0.0,0,0.0,0,0.0,0,0.0,0,0.0,0,0.0,0,0.0,0,0.0,0,0.0,0,0.0
63,Proventi straordinari e di altra natura,2000,100.0,2000,100.0,2000,100.0,2000,100.0,2000,100.0,2000,100.0,2000,100.0,2000,100.0,2000,100.0,1991,99.55,1989,99.45,1989,99.45,1991,99.55,1987,99.35,1989,99.45,1986,99.3,1987,99.35,1987,99.35,425,21.25,0,0.0,0,0.0,0,0.0,0,0.0,0,0.0,0,0.0,0,0.0,0,0.0,0,0.0,0,0.0,0,0.0
64,Oneri straordinari e di altra natura,2000,100.0,2000,100.0,2000,100.0,2000,100.0,2000,100.0,2000,100.0,2000,100.0,2000,100.0,1999,99.95,1986,99.3,1983,99.15,1983,99.15,1985,99.25,1981,99.05,1983,99.15,1980,99.0,1982,99.1,1982,99.1,425,21.25,0,0.0,0,0.0,0,0.0,0,0.0,0,0.0,0,0.0,0,0.0,0,0.0,0,0.0,0,0.0,0,0.0
65,"Utile/perdita di esercizio [utile netto]
  .",5,0.25,4,0.2,2,0.1,0,0.0,0,0.0,0,0.0,0,0.0,0,0.0,0,0.0,0,0.0,0,0.0,0,0.0,0,0.0,7,0.35,0,0.0,1,0.05,0,0.0,0,0.0,0,0.0,0,0.0,0,0.0,0,0.0,0,0.0,0,0.0,0,0.0,0,0.0,0,0.0,0,0.0,0,0.0,0,0.0
66,Ricavi dalle esportazioni,2000,100.0,2000,100.0,2000,100.0,2000,100.0,2000,100.0,2000,100.0,2000,100.0,2000,100.0,2000,100.0,1994,99.7,1994,99.7,1995,99.75,1993,99.65,1993,99.65,1992,99.6,1994,99.7,1994,99.7,1993,99.65,428,21.4,0,0.0,0,0.0,0,0.0,0,0.0,0,0.0,0,0.0,0,0.0,0,0.0,0,0.0,0,0.0,0,0.0
67,Costi per materie prime,881,44.05,941,47.05,999,49.95,1079,53.95,1131,56.55,1153,57.65,1149,57.45,1230,61.5,1178,58.9,1153,57.65,1189,59.45,1153,57.65,1120,56.0,1114,55.7,1132,56.6,1135,56.75,1121,56.05,1122,56.1,204,10.2,0,0.0,0,0.0,0,0.0,0,0.0,0,0.0,0,0.0,0,0.0,0,0.0,0,0.0,0,0.0,0,0.0
68,Costo del personale,300,15.0,323,16.15,266,13.3,304,15.2,292,14.6,267,13.35,279,13.95,235,11.75,198,9.9,164,8.2,145,7.25,143,7.15,126,6.3,134,6.7,133,6.65,99,4.95,74,3.7,69,3.45,16,0.8,0,0.0,0,0.0,0,0.0,0,0.0,0,0.0,0,0.0,0,0.0,0,0.0,0,0.0,0,0.0,0,0.0
69,Ammortamenti e svalutazioni,50,2.5,30,1.5,41,2.05,49,2.45,28,1.4,15,0.75,29,1.45,18,0.9,26,1.3,29,1.45,31,1.55,38,1.9,26,1.3,28,1.4,23,1.15,20,1.0,19,0.95,8,0.4,4,0.2,0,0.0,0,0.0,0,0.0,0,0.0,0,0.0,0,0.0,0,0.0,0,0.0,0,0.0,0,0.0,0,0.0
70,Altre voci reddituali operative,423,21.15,501,25.05,595,29.75,657,32.85,700,35.0,723,36.15,738,36.9,815,40.75,764,38.2,761,38.05,827,41.35,827,41.35,795,39.75,780,39.0,784,39.2,772,38.6,766,38.3,771,38.55,132,6.6,0,0.0,0,0.0,0,0.0,0,0.0,0,0.0,0,0.0,0,0.0,0,0.0,0,0.0,0,0.0,0,0.0
71,Interessi corrisposti,47,2.35,54,2.7,48,2.4,57,2.85,44,2.2,30,1.5,23,1.15,18,0.9,22,1.1,30,1.5,19,0.95,33,1.65,25,1.25,36,1.8,21,1.05,20,1.0,17,0.85,10,0.5,4,0.2,0,0.0,0,0.0,0,0.0,0,0.0,0,0.0,0,0.0,0,0.0,0,0.0,0,0.0,0,0.0,0,0.0
72,Costi per ricerca e sviluppo,64,3.2,35,1.75,18,0.9,10,0.5,10,0.5,4,0.2,5,0.25,9,0.45,7,0.35,36,1.8,38,1.9,40,2.0,38,1.9,47,2.35,37,1.85,44,2.2,43,2.15,46,2.3,23,1.15,0,0.0,0,0.0,0,0.0,0,0.0,0,0.0,0,0.0,0,0.0,0,0.0,0,0.0,0,0.0,0,0.0
73,"Flusso finanziario
  .",50,2.5,30,1.5,41,2.05,49,2.45,28,1.4,15,0.75,29,1.45,18,0.9,26,1.3,30,1.5,33,1.65,39,1.95,27,1.35,29,1.45,24,1.2,20,1.0,20,1.0,9,0.45,4,0.2,0,0.0,0,0.0,0,0.0,0,0.0,0,0.0,0,0.0,0,0.0,0,0.0,0,0.0,0,0.0,0,0.0
74,Valore aggiunto,316,15.8,339,16.95,293,14.65,338,16.9,310,15.5,287,14.35,293,14.65,246,12.3,213,10.65,187,9.35,168,8.4,168,8.4,145,7.25,157,7.85,149,7.45,115,5.75,91,4.55,80,4.0,21,1.05,0,0.0,0,0.0,0,0.0,0,0.0,0,0.0,0,0.0,0,0.0,0,0.0,0,0.0,0,0.0,0,0.0
75,EBITDA,57,2.85,32,1.6,41,2.05,49,2.45,28,1.4,15,0.75,29,1.45,18,0.9,26,1.3,29,1.45,31,1.55,38,1.9,25,1.25,28,1.4,23,1.15,19,0.95,19,0.95,8,0.4,4,0.2,0,0.0,0,0.0,0,0.0,0,0.0,0,0.0,0,0.0,0,0.0,0,0.0,0,0.0,0,0.0,0,0.0
76,Utile dell'esercizio,1999,99.95,1979,98.95,1551,77.55,734,36.7,490,24.5,394,19.7,375,18.75,345,17.25,345,17.25,206,10.3,134,6.7,149,7.45,129,6.45,130,6.5,129,6.45,120,6.0,115,5.75,115,5.75,37,1.85,0,0.0,0,0.0,0,0.0,0,0.0,0,0.0,0,0.0,0,0.0,0,0.0,0,0.0,0,0.0,0,0.0
77,"Ammortamenti e svalutazioni
  .",1999,99.95,1980,99.0,1603,80.15,853,42.65,584,29.2,457,22.85,442,22.1,412,20.6,430,21.5,286,14.3,212,10.6,208,10.4,181,9.05,183,9.15,200,10.0,211,10.55,182,9.1,158,7.9,46,2.3,0,0.0,0,0.0,0,0.0,0,0.0,0,0.0,0,0.0,0,0.0,0,0.0,0,0.0,0,0.0,0,0.0
78,"Ammortamenti e svalutazioni
  ..",2000,100.0,2000,100.0,2000,100.0,2000,100.0,2000,100.0,2000,100.0,2000,100.0,2000,100.0,2000,100.0,2000,100.0,2000,100.0,2000,100.0,2000,100.0,2000,100.0,2000,100.0,2000,100.0,2000,100.0,2000,100.0,431,21.55,0,0.0,0,0.0,0,0.0,0,0.0,0,0.0,0,0.0,0,0.0,0,0.0,0,0.0,0,0.0,0,0.0
79,Ammortamento di immobilizzazioni immateriali,2000,100.0,2000,100.0,2000,100.0,2000,100.0,2000,100.0,2000,100.0,2000,100.0,2000,100.0,2000,100.0,2000,100.0,2000,100.0,2000,100.0,2000,100.0,2000,100.0,2000,100.0,2000,100.0,2000,100.0,2000,100.0,431,21.55,0,0.0,0,0.0,0,0.0,0,0.0,0,0.0,0,0.0,0,0.0,0,0.0,0,0.0,0,0.0,0,0.0
80,Imposte sul reddito diff. e credito d'imposta per gli investimenti,1999,99.95,1995,99.75,1956,97.8,1888,94.4,1840,92.0,1825,91.25,1844,92.2,1813,90.65,1834,91.7,1796,89.8,1784,89.2,1793,89.65,1789,89.45,1810,90.5,1808,90.4,1820,91.0,1821,91.05,1834,91.7,401,20.05,0,0.0,0,0.0,0,0.0,0,0.0,0,0.0,0,0.0,0,0.0,0,0.0,0,0.0,0,0.0,0,0.0
81,Altri flussi finanziari,1999,99.95,1979,98.95,1550,77.5,728,36.4,485,24.25,384,19.2,362,18.1,337,16.85,336,16.8,188,9.4,121,6.05,131,6.55,112,5.6,108,5.4,104,5.2,101,5.05,100,5.0,101,5.05,31,1.55,0,0.0,0,0.0,0,0.0,0,0.0,0,0.0,0,0.0,0,0.0,0,0.0,0,0.0,0,0.0,0,0.0
82,Fondi da attività di gestione prima delle variazioni del capitale circolante e poste straordinarie,1999,99.95,1979,98.95,1550,77.5,728,36.4,485,24.25,384,19.2,362,18.1,337,16.85,336,16.8,188,9.4,121,6.05,131,6.55,112,5.6,108,5.4,104,5.2,101,5.05,100,5.0,101,5.05,31,1.55,0,0.0,0,0.0,0,0.0,0,0.0,0,0.0,0,0.0,0,0.0,0,0.0,0,0.0,0,0.0,0,0.0
83,Dec/Inc crediti,1999,99.95,1986,99.3,1715,85.75,1111,55.55,933,46.65,868,43.4,831,41.55,785,39.25,754,37.7,628,31.4,533,26.65,513,25.65,457,22.85,461,23.05,444,22.2,443,22.15,436,21.8,392,19.6,82,4.1,0,0.0,0,0.0,0,0.0,0,0.0,0,0.0,0,0.0,0,0.0,0,0.0,0,0.0,0,0.0,0,0.0
84,Dec/Inc rimanenze,1999,99.95,1987,99.35,1752,87.6,1191,59.55,991,49.55,922,46.1,897,44.85,819,40.95,834,41.7,733,36.65,605,30.25,629,31.45,605,30.25,616,30.8,588,29.4,568,28.4,560,28.0,547,27.35,141,7.05,0,0.0,0,0.0,0,0.0,0,0.0,0,0.0,0,0.0,0,0.0,0,0.0,0,0.0,0,0.0,0,0.0
85,Inc/Dec debiti esigibili,1999,99.95,1988,99.4,1773,88.65,1295,64.75,1136,56.8,1061,53.05,1047,52.35,987,49.35,970,48.5,860,43.0,763,38.15,796,39.8,778,38.9,819,40.95,821,41.05,844,42.2,828,41.4,763,38.15,174,8.7,0,0.0,0,0.0,0,0.0,0,0.0,0,0.0,0,0.0,0,0.0,0,0.0,0,0.0,0,0.0,0,0.0
86,Inc/Dec altri accantonamenti,1999,99.95,1994,99.7,1854,92.7,1639,81.95,1491,74.55,1410,70.5,1385,69.25,1303,65.15,1248,62.4,1137,56.85,1076,53.8,1053,52.65,1030,51.5,1019,50.95,1034,51.7,1047,52.35,1066,53.3,1123,56.15,262,13.1,0,0.0,0,0.0,0,0.0,0,0.0,0,0.0,0,0.0,0,0.0,0,0.0,0,0.0,0,0.0,0,0.0
87,Dec/Inc altre attività/passività,1999,99.95,1978,98.9,1568,78.4,701,35.05,447,22.35,343,17.15,315,15.75,294,14.7,284,14.2,137,6.85,69,3.45,80,4.0,62,3.1,69,3.45,53,2.65,50,2.5,48,2.4,48,2.4,21,1.05,0,0.0,0,0.0,0,0.0,0,0.0,0,0.0,0,0.0,0,0.0,0,0.0,0,0.0,0,0.0,0,0.0
88,Voci straordinarie,2000,100.0,1997,99.85,1988,99.4,1971,98.55,1971,98.55,1965,98.25,1971,98.55,1954,97.7,1973,98.65,1965,98.25,1961,98.05,1965,98.25,1964,98.2,1965,98.25,1956,97.8,1958,97.9,1957,97.85,1960,98.0,430,21.5,0,0.0,0,0.0,0,0.0,0,0.0,0,0.0,0,0.0,0,0.0,0,0.0,0,0.0,0,0.0,0,0.0
89,Fondi da altre attività operative,1999,99.95,1978,98.9,1568,78.4,701,35.05,447,22.35,343,17.15,314,15.7,294,14.7,284,14.2,137,6.85,69,3.45,80,4.0,62,3.1,69,3.45,53,2.65,50,2.5,48,2.4,48,2.4,21,1.05,0,0.0,0,0.0,0,0.0,0,0.0,0,0.0,0,0.0,0,0.0,0,0.0,0,0.0,0,0.0,0,0.0
90,Liquidità netta da attività operative,1999,99.95,1978,98.9,1549,77.45,699,34.95,446,22.3,342,17.1,310,15.5,291,14.55,280,14.0,135,6.75,69,3.45,75,3.75,60,3.0,60,3.0,45,2.25,46,2.3,43,2.15,44,2.2,20,1.0,0,0.0,0,0.0,0,0.0,0,0.0,0,0.0,0,0.0,0,0.0,0,0.0,0,0.0,0,0.0,0,0.0
91,Acquisizione di immobilizzazioni,1999,99.95,1979,98.95,1561,78.05,751,37.55,494,24.7,379,18.95,357,17.85,324,16.2,334,16.7,214,10.7,146,7.3,167,8.35,148,7.4,172,8.6,184,9.2,183,9.15,173,8.65,151,7.55,36,1.8,0,0.0,0,0.0,0,0.0,0,0.0,0,0.0,0,0.0,0,0.0,0,0.0,0,0.0,0,0.0,0,0.0
92,Inc/Dec altre immobilizzazioni,1999,99.95,1983,99.15,1598,79.9,929,46.45,690,34.5,594,29.7,578,28.9,551,27.55,579,28.95,477,23.85,353,17.65,351,17.55,308,15.4,335,16.75,309,15.45,312,15.6,304,15.2,327,16.35,92,4.6,0,0.0,0,0.0,0,0.0,0,0.0,0,0.0,0,0.0,0,0.0,0,0.0,0,0.0,0,0.0,0,0.0
93,Inc/Dec di partecipazioni,1999,99.95,1981,99.05,1571,78.55,768,38.4,496,24.8,388,19.4,354,17.7,326,16.3,339,16.95,192,9.6,116,5.8,119,5.95,99,4.95,125,6.25,105,5.25,104,5.2,95,4.75,99,4.95,35,1.75,0,0.0,0,0.0,0,0.0,0,0.0,0,0.0,0,0.0,0,0.0,0,0.0,0,0.0,0,0.0,0,0.0
94,Liquidità netta utilizzata nelle att. di investimento,1999,99.95,1978,98.9,1551,77.55,725,36.25,463,23.15,350,17.5,323,16.15,298,14.9,296,14.8,151,7.55,81,4.05,90,4.5,66,3.3,77,3.85,60,3.0,60,3.0,53,2.65,51,2.55,21,1.05,0,0.0,0,0.0,0,0.0,0,0.0,0,0.0,0,0.0,0,0.0,0,0.0,0,0.0,0,0.0,0,0.0
95,Inc/Dec indebitamento a breve termine,1999,99.95,1992,99.6,1828,91.4,1498,74.9,1483,74.15,1485,74.25,1557,77.85,1506,75.3,1598,79.9,1560,78.0,1500,75.0,1523,76.15,1482,74.1,1481,74.05,1516,75.8,1576,78.8,1622,81.1,1614,80.7,375,18.75,0,0.0,0,0.0,0,0.0,0,0.0,0,0.0,0,0.0,0,0.0,0,0.0,0,0.0,0,0.0,0,0.0
96,Inc/Dec indebitamento a lungo termine,1999,99.95,1983,99.15,1609,80.45,893,44.65,625,31.25,484,24.2,467,23.35,425,21.25,443,22.15,340,17.0,252,12.6,257,12.85,220,11.0,192,9.6,114,5.7,101,5.05,89,4.45,82,4.1,34,1.7,0,0.0,0,0.0,0,0.0,0,0.0,0,0.0,0,0.0,0,0.0,0,0.0,0,0.0,0,0.0,0,0.0
97,Proventi netti da vendita/emissione di azioni ord. e priv.,1999,99.95,1985,99.25,1750,87.5,1222,61.1,986,49.3,899,44.95,1000,50.0,940,47.0,1054,52.7,1043,52.15,969,48.45,995,49.75,958,47.9,984,49.2,943,47.15,859,42.95,834,41.7,913,45.65,235,11.75,0,0.0,0,0.0,0,0.0,0,0.0,0,0.0,0,0.0,0,0.0,0,0.0,0,0.0,0,0.0,0,0.0
98,Riserva di patrimonio netto,2000,100.0,1999,99.95,1931,96.55,1884,94.2,1912,95.6,1932,96.6,1963,98.15,1971,98.55,1988,99.4,1991,99.55,1993,99.65,1997,99.85,2000,100.0,1999,99.95,1999,99.95,2000,100.0,2000,100.0,2000,100.0,431,21.55,0,0.0,0,0.0,0,0.0,0,0.0,0,0.0,0,0.0,0,0.0,0,0.0,0,0.0,0,0.0,0,0.0
99,Dividendi da azioni ordinarie,2000,100.0,2000,100.0,2000,100.0,2000,100.0,2000,100.0,2000,100.0,2000,100.0,2000,100.0,2000,100.0,2000,100.0,2000,100.0,2000,100.0,2000,100.0,2000,100.0,2000,100.0,2000,100.0,2000,100.0,2000,100.0,431,21.55,0,0.0,0,0.0,0,0.0,0,0.0,0,0.0,0,0.0,0,0.0,0,0.0,0,0.0,0,0.0,0,0.0
100,Dividendi da azioni privilegiate,2000,100.0,2000,100.0,2000,100.0,2000,100.0,2000,100.0,2000,100.0,2000,100.0,2000,100.0,2000,100.0,2000,100.0,2000,100.0,2000,100.0,2000,100.0,2000,100.0,2000,100.0,2000,100.0,2000,100.0,2000,100.0,431,21.55,0,0.0,0,0.0,0,0.0,0,0.0,0,0.0,0,0.0,0,0.0,0,0.0,0,0.0,0,0.0,0,0.0
101,Dividendi corrisposti - Totale,2000,100.0,1988,99.4,1643,82.15,996,49.8,778,38.9,672,33.6,717,35.85,655,32.75,702,35.1,667,33.35,494,24.7,534,26.7,483,24.15,544,27.2,623,31.15,642,32.1,582,29.1,554,27.7,182,9.1,0,0.0,0,0.0,0,0.0,0,0.0,0,0.0,0,0.0,0,0.0,0,0.0,0,0.0,0,0.0,0,0.0
102,Altre fonti/utilizzi - Attività di finanziamento,1999,99.95,1990,99.5,1819,90.95,1390,69.5,1196,59.8,1089,54.45,1040,52.0,948,47.4,968,48.4,819,40.95,689,34.45,702,35.1,618,30.9,637,31.85,617,30.85,625,31.25,632,31.6,633,31.65,157,7.85,0,0.0,0,0.0,0,0.0,0,0.0,0,0.0,0,0.0,0,0.0,0,0.0,0,0.0,0,0.0,0,0.0
103,Liquidità netta fornita/utilizzata dalle att. di finanziamento,1999,99.95,1978,98.9,1554,77.7,727,36.35,465,23.25,350,17.5,326,16.3,300,15.0,298,14.9,156,7.8,83,4.15,88,4.4,66,3.3,80,4.0,61,3.05,57,2.85,52,2.6,52,2.6,21,1.05,0,0.0,0,0.0,0,0.0,0,0.0,0,0.0,0,0.0,0,0.0,0,0.0,0,0.0,0,0.0,0,0.0
104,Effetto variazione cambi su disponibilità liquide,1999,99.95,1985,99.25,1714,85.7,1177,58.85,961,48.05,873,43.65,927,46.35,744,37.2,878,43.9,856,42.8,685,34.25,725,36.25,708,35.4,725,36.25,689,34.45,659,32.95,634,31.7,636,31.8,222,11.1,0,0.0,0,0.0,0,0.0,0,0.0,0,0.0,0,0.0,0,0.0,0,0.0,0,0.0,0,0.0,0,0.0
105,Inc/Dec disponibilità liquide e attività finanziarie che non costituiscono immobilizzazioni,1999,99.95,1978,98.9,1548,77.4,698,34.9,446,22.3,342,17.1,310,15.5,291,14.55,280,14.0,135,6.75,69,3.45,70,3.5,57,2.85,60,3.0,45,2.25,45,2.25,43,2.15,44,2.2,20,1.0,0,0.0,0,0.0,0,0.0,0,0.0,0,0.0,0,0.0,0,0.0,0,0.0,0,0.0,0,0.0,0,0.0
106,Saldo iniziale disponibilità liquide e mezzi equivalenti,1999,99.95,1979,98.95,1574,78.7,768,38.4,490,24.5,365,18.25,346,17.3,314,15.7,323,16.15,177,8.85,102,5.1,104,5.2,80,4.0,96,4.8,72,3.6,64,3.2,58,2.9,61,3.05,21,1.05,0,0.0,0,0.0,0,0.0,0,0.0,0,0.0,0,0.0,0,0.0,0,0.0,0,0.0,0,0.0,0,0.0
107,Saldo finale disponibilità liquide e mezzi equivalenti,1999,99.95,1978,98.9,1548,77.4,698,34.9,446,22.3,342,17.1,310,15.5,291,14.55,280,14.0,135,6.75,69,3.45,70,3.5,57,2.85,60,3.0,45,2.25,45,2.25,43,2.15,44,2.2,20,1.0,0,0.0,0,0.0,0,0.0,0,0.0,0,0.0,0,0.0,0,0.0,0,0.0,0,0.0,0,0.0,0,0.0
108,"Redditività del capitale proprio (ROE) - Lordo
.",27,1.35,9,0.45,28,1.4,28,1.4,26,1.3,33,1.65,29,1.45,27,1.35,49,2.45,42,2.1,41,2.05,38,1.9,37,1.85,39,1.95,51,2.55,48,2.4,40,2.0,46,2.3,17,0.85,0,0.0,0,0.0,0,0.0,0,0.0,0,0.0,0,0.0,0,0.0,0,0.0,0,0.0,0,0.0,0,0.0
109,"Rendimento del capitale investito (ROCE) - Lordo
.",59,2.95,56,2.8,52,2.6,66,3.3,53,2.65,40,2.0,33,1.65,28,1.4,40,2.0,43,2.15,30,1.5,43,2.15,40,2.0,45,2.25,29,1.45,26,1.3,23,1.15,21,1.05,10,0.5,0,0.0,0,0.0,0,0.0,0,0.0,0,0.0,0,0.0,0,0.0,0,0.0,0,0.0,0,0.0,0,0.0
110,Redditività del totale Attivo (ROA) - Lordo,17,0.85,8,0.4,9,0.45,6,0.3,3,0.15,9,0.45,7,0.35,9,0.45,12,0.6,6,0.3,6,0.3,6,0.3,7,0.35,13,0.65,6,0.3,4,0.2,3,0.15,2,0.1,2,0.1,0,0.0,0,0.0,0,0.0,0,0.0,0,0.0,0,0.0,0,0.0,0,0.0,0,0.0,0,0.0,0,0.0
111,Redditività del capitale proprio (ROE) - Netto,30,1.5,11,0.55,28,1.4,27,1.35,26,1.3,32,1.6,29,1.45,27,1.35,51,2.55,41,2.05,41,2.05,38,1.9,37,1.85,40,2.0,50,2.5,48,2.4,41,2.05,46,2.3,17,0.85,0,0.0,0,0.0,0,0.0,0,0.0,0,0.0,0,0.0,0,0.0,0,0.0,0,0.0,0,0.0,0,0.0
112,Rendimento del capitale investito (ROCE) - Netto,62,3.1,58,2.9,53,2.65,66,3.3,53,2.65,41,2.05,33,1.65,28,1.4,40,2.0,43,2.15,30,1.5,43,2.15,40,2.0,45,2.25,29,1.45,26,1.3,23,1.15,21,1.05,10,0.5,0,0.0,0,0.0,0,0.0,0,0.0,0,0.0,0,0.0,0,0.0,0,0.0,0,0.0,0,0.0,0,0.0
113,Redditività del totale Attivo (ROA) - Netto,20,1.0,11,0.55,13,0.65,6,0.3,3,0.15,11,0.55,8,0.4,9,0.45,13,0.65,4,0.2,5,0.25,8,0.4,8,0.4,13,0.65,5,0.25,3,0.15,3,0.15,3,0.15,2,0.1,0,0.0,0,0.0,0,0.0,0,0.0,0,0.0,0,0.0,0,0.0,0,0.0,0,0.0,0,0.0,0,0.0
114,"Margine di profitto
.",57,2.85,57,2.85,46,2.3,39,1.95,51,2.55,56,2.8,50,2.5,40,2.0,59,2.95,52,2.6,61,3.05,78,3.9,70,3.5,79,3.95,69,3.45,68,3.4,51,2.55,39,1.95,13,0.65,0,0.0,0,0.0,0,0.0,0,0.0,0,0.0,0,0.0,0,0.0,0,0.0,0,0.0,0,0.0,0,0.0
115,Margine lordo,76,3.8,43,2.15,52,2.6,51,2.55,55,2.75,64,3.2,72,3.6,87,4.35,110,5.5,121,6.05,122,6.1,144,7.2,132,6.6,157,7.85,143,7.15,149,7.45,144,7.2,127,6.35,37,1.85,0,0.0,0,0.0,0,0.0,0,0.0,0,0.0,0,0.0,0,0.0,0,0.0,0,0.0,0,0.0,0,0.0
116,Margine EBITDA,82,4.1,62,3.1,70,3.5,72,3.6,50,2.5,35,1.75,47,2.35,35,1.75,51,2.55,44,2.2,49,2.45,51,2.55,38,1.9,45,2.25,41,2.05,35,1.75,31,1.55,12,0.6,6,0.3,0,0.0,0,0.0,0,0.0,0,0.0,0,0.0,0,0.0,0,0.0,0,0.0,0,0.0,0,0.0,0,0.0
117,Margine EBIT,55,2.75,45,2.25,35,1.75,25,1.25,26,1.3,32,1.6,35,1.75,29,1.45,39,1.95,28,1.4,27,1.35,32,1.6,23,1.15,35,1.75,32,1.6,27,1.35,19,0.95,10,0.5,5,0.25,0,0.0,0,0.0,0,0.0,0,0.0,0,0.0,0,0.0,0,0.0,0,0.0,0,0.0,0,0.0,0,0.0
118,Flusso finanziario / Ricavi di gestione,85,4.25,72,3.6,88,4.4,84,4.2,67,3.35,55,2.75,63,3.15,46,2.3,70,3.5,66,3.3,77,3.85,92,4.6,79,3.95,84,4.2,67,3.35,73,3.65,59,2.95,39,1.95,14,0.7,0,0.0,0,0.0,0,0.0,0,0.0,0,0.0,0,0.0,0,0.0,0,0.0,0,0.0,0,0.0,0,0.0
119,Enterprise value / EBITDA,2000,100.0,1983,99.15,1005,50.25,823,41.15,581,29.05,332,16.6,405,20.25,342,17.1,410,20.5,404,20.2,353,17.65,340,17.0,321,16.05,348,17.4,375,18.75,332,16.6,258,12.9,220,11.0,75,3.75,0,0.0,0,0.0,0,0.0,0,0.0,0,0.0,0,0.0,0,0.0,0,0.0,0,0.0,0,0.0,0,0.0
120,Cap. di Mercato / Flusso finanziario da attività operativa,2000,100.0,2000,100.0,1774,88.7,1331,66.55,1009,50.45,754,37.7,747,37.35,684,34.2,724,36.2,627,31.35,488,24.4,514,25.7,505,25.25,512,25.6,503,25.15,460,23.0,470,23.5,364,18.2,101,5.05,0,0.0,0,0.0,0,0.0,0,0.0,0,0.0,0,0.0,0,0.0,0,0.0,0,0.0,0,0.0,0,0.0
121,Rotazione netta dell'attivo,33,1.65,11,0.55,8,0.4,12,0.6,12,0.6,12,0.6,18,0.9,15,0.75,24,1.2,19,0.95,15,0.75,24,1.2,21,1.05,25,1.25,15,0.75,13,0.65,11,0.55,11,0.55,5,0.25,0,0.0,0,0.0,0,0.0,0,0.0,0,0.0,0,0.0,0,0.0,0,0.0,0,0.0,0,0.0,0,0.0
122,Copertura degli interessi,59,2.95,76,3.8,75,3.75,88,4.4,66,3.3,45,2.25,49,2.45,42,2.1,39,1.95,63,3.15,45,2.25,63,3.15,51,2.55,63,3.15,38,1.9,36,1.8,27,1.35,23,1.15,7,0.35,0,0.0,0,0.0,0,0.0,0,0.0,0,0.0,0,0.0,0,0.0,0,0.0,0,0.0,0,0.0,0,0.0
123,Rotazione delle scorte,147,7.35,145,7.25,191,9.55,196,9.8,196,9.8,214,10.7,228,11.4,212,10.6,255,12.75,258,12.9,223,11.15,252,12.6,257,12.85,282,14.1,272,13.6,259,12.95,254,12.7,254,12.7,76,3.8,0,0.0,0,0.0,0,0.0,0,0.0,0,0.0,0,0.0,0,0.0,0,0.0,0,0.0,0,0.0,0,0.0
124,Tempi di incasso,24,1.2,14,0.7,11,0.55,8,0.4,8,0.4,7,0.35,17,0.85,10,0.5,13,0.65,10,0.5,5,0.25,15,0.75,10,0.5,19,0.95,9,0.45,8,0.4,6,0.3,1,0.05,0,0.0,0,0.0,0,0.0,0,0.0,0,0.0,0,0.0,0,0.0,0,0.0,0,0.0,0,0.0,0,0.0,0,0.0
125,Tempi di pagamento,27,1.35,16,0.8,9,0.45,11,0.55,13,0.65,10,0.5,16,0.8,11,0.55,17,0.85,18,0.9,11,0.55,23,1.15,12,0.6,20,1.0,15,0.75,14,0.7,9,0.45,2,0.1,0,0.0,0,0.0,0,0.0,0,0.0,0,0.0,0,0.0,0,0.0,0,0.0,0,0.0,0,0.0,0,0.0,0,0.0
126,Ricavi da esportazioni / Ricavi di gestione,2000,100.0,2000,100.0,2000,100.0,2000,100.0,2000,100.0,2000,100.0,2000,100.0,2000,100.0,2000,100.0,1994,99.7,1994,99.7,1995,99.75,1993,99.65,1994,99.7,1992,99.6,1994,99.7,1994,99.7,1993,99.65,428,21.4,0,0.0,0,0.0,0,0.0,0,0.0,0,0.0,0,0.0,0,0.0,0,0.0,0,0.0,0,0.0,0,0.0
127,Costi di ricerca e sviluppo / Ricavi di gestione,90,4.5,53,2.65,29,1.45,22,1.1,24,1.2,16,0.8,22,1.1,19,0.95,21,1.05,47,2.35,48,2.4,60,3.0,49,2.45,62,3.1,52,2.6,54,2.7,50,2.5,50,2.5,25,1.25,0,0.0,0,0.0,0,0.0,0,0.0,0,0.0,0,0.0,0,0.0,0,0.0,0,0.0,0,0.0,0,0.0
128,"Indice di disponibilità
.",17,0.85,5,0.25,3,0.15,2,0.1,2,0.1,1,0.05,5,0.25,5,0.25,7,0.35,6,0.3,3,0.15,4,0.2,2,0.1,4,0.2,5,0.25,5,0.25,2,0.1,1,0.05,0,0.0,0,0.0,0,0.0,0,0.0,0,0.0,0,0.0,0,0.0,0,0.0,0,0.0,0,0.0,0,0.0,0,0.0
129,Indice di liquidità,17,0.85,5,0.25,3,0.15,2,0.1,2,0.1,1,0.05,5,0.25,5,0.25,7,0.35,6,0.3,3,0.15,4,0.2,2,0.1,4,0.2,5,0.25,5,0.25,2,0.1,1,0.05,0,0.0,0,0.0,0,0.0,0,0.0,0,0.0,0,0.0,0,0.0,0,0.0,0,0.0,0,0.0,0,0.0,0,0.0
130,Indice di liquidità degli azionisti,30,1.5,30,1.5,25,1.25,24,1.2,26,1.3,16,0.8,24,1.2,23,1.15,34,1.7,31,1.55,24,1.2,26,1.3,19,0.95,23,1.15,15,0.75,13,0.65,9,0.45,8,0.4,3,0.15,0,0.0,0,0.0,0,0.0,0,0.0,0,0.0,0,0.0,0,0.0,0,0.0,0,0.0,0,0.0,0,0.0
131,"Coefficiente di solvibilità (sulla base del patrimonio)
.",11,0.55,2,0.1,0,0.0,2,0.1,4,0.2,3,0.15,7,0.35,6,0.3,9,0.45,3,0.15,3,0.15,4,0.2,4,0.2,3,0.15,6,0.3,5,0.25,3,0.15,3,0.15,4,0.2,0,0.0,0,0.0,0,0.0,0,0.0,0,0.0,0,0.0,0,0.0,0,0.0,0,0.0,0,0.0,0,0.0
132,Coefficiente di solvibilità (sulla base della liquidità),537,26.85,558,27.9,640,32.0,616,30.8,614,30.7,599,29.95,708,35.4,659,32.95,771,38.55,799,39.95,716,35.8,729,36.45,709,35.45,684,34.2,669,33.45,675,33.75,703,35.15,701,35.05,206,10.3,0,0.0,0,0.0,0,0.0,0,0.0,0,0.0,0,0.0,0,0.0,0,0.0,0,0.0,0,0.0,0,0.0
133,Indice di leva (gearing),48,2.4,31,1.55,42,2.1,50,2.5,36,1.8,45,2.25,44,2.2,49,2.45,68,3.4,73,3.65,58,2.9,50,2.5,50,2.5,50,2.5,70,3.5,72,3.6,59,2.95,60,3.0,21,1.05,0,0.0,0,0.0,0,0.0,0,0.0,0,0.0,0,0.0,0,0.0,0,0.0,0,0.0,0,0.0,0,0.0
134,Ricavi pro-capite,438,21.9,309,15.45,240,12.0,229,11.45,251,12.55,248,12.4,260,13.0,216,10.8,228,11.4,231,11.55,173,8.65,148,7.4,97,4.85,126,6.3,143,7.15,98,4.9,95,4.75,119,5.95,46,2.3,0,0.0,0,0.0,0,0.0,0,0.0,0,0.0,0,0.0,0,0.0,0,0.0,0,0.0,0,0.0,0,0.0
135,Ricavi di gestione pro-capite,424,21.2,283,14.15,188,9.4,200,10.0,223,11.15,177,8.85,209,10.45,172,8.6,159,7.95,178,8.9,131,6.55,103,5.15,69,3.45,92,4.6,75,3.75,52,2.6,47,2.35,44,2.2,13,0.65,0,0.0,0,0.0,0,0.0,0,0.0,0,0.0,0,0.0,0,0.0,0,0.0,0,0.0,0,0.0,0,0.0
136,Costo lavoro/ Ricavi di gestione,319,15.95,351,17.55,301,15.05,322,16.1,310,15.5,282,14.1,291,14.55,250,12.5,215,10.75,182,9.1,161,8.05,155,7.75,138,6.9,145,7.25,140,7.0,109,5.45,80,4.0,72,3.6,17,0.85,0,0.0,0,0.0,0,0.0,0,0.0,0,0.0,0,0.0,0,0.0,0,0.0,0,0.0,0,0.0,0,0.0
137,Costo lavoro pro-capite,596,29.8,520,26.0,364,18.2,419,20.95,426,21.3,362,18.1,385,19.25,328,16.4,304,15.2,308,15.4,249,12.45,218,10.9,186,9.3,202,10.1,189,9.45,145,7.25,116,5.8,109,5.45,28,1.4,0,0.0,0,0.0,0,0.0,0,0.0,0,0.0,0,0.0,0,0.0,0,0.0,0,0.0,0,0.0,0,0.0
138,Patrimonio netto per dipendente,431,21.55,293,14.65,224,11.2,239,11.95,271,13.55,226,11.3,259,12.95,209,10.45,218,10.9,235,11.75,188,9.4,168,8.4,144,7.2,160,8.0,156,7.8,134,6.7,120,6.0,119,5.95,40,2.0,0,0.0,0,0.0,0,0.0,0,0.0,0,0.0,0,0.0,0,0.0,0,0.0,0,0.0,0,0.0,0,0.0
139,Capitale circolante per dipendente,507,25.35,375,18.75,325,16.25,351,17.55,350,17.5,320,16.0,359,17.95,323,16.15,344,17.2,363,18.15,317,15.85,318,15.9,295,14.75,329,16.45,322,16.1,319,15.95,312,15.6,283,14.15,84,4.2,0,0.0,0,0.0,0,0.0,0,0.0,0,0.0,0,0.0,0,0.0,0,0.0,0,0.0,0,0.0,0,0.0
140,Totale attività per dipendente,424,21.2,279,13.95,190,9.5,204,10.2,229,11.45,184,9.2,212,10.6,179,8.95,167,8.35,181,9.05,133,6.65,106,5.3,71,3.55,97,4.85,82,4.1,60,3.0,50,2.5,50,2.5,17,0.85,0,0.0,0,0.0,0,0.0,0,0.0,0,0.0,0,0.0,0,0.0,0,0.0,0,0.0,0,0.0,0,0.0
141,years,0,0.0,0,0.0,0,0.0,0,0.0,0,0.0,0,0.0,0,0.0,0,0.0,0,0.0,0,0.0,0,0.0,0,0.0,0,0.0,0,0.0,0,0.0,0,0.0,0,0.0,0,0.0,0,0.0,0,0.0,0,0.0,0,0.0,0,0.0,0,0.0,0,0.0,0,0.0,0,0.0,0,0.0,0,0.0,0,0.0
