label;explainer;model;Tasso di cambio con la valuta originale;Totale valore della produzione;Utile/Perdita prima delle imposte;Utile/perdita di esercizio [utile netto];Flusso finanziario;Totale Attivo;Patrimonio netto;Indice di disponibilità;Margine di profitto;Redditività del capitale proprio (ROE) - Lordo;Rendimento del capitale investito (ROCE) - Lordo;Coefficiente di solvibilità (sulla base del patrimonio);Numero dipendenti;Immobilizzazioni;Immobilizzazioni immateriali;Immobilizzazioni materiali;Altre immobilizzazioni;Attività correnti;Rimanenze;Crediti verso clienti;Altro (Attivo circolante);Disponibilità liquide e mezzi equivalenti;Totale Attivo   .;Patrimonio netto   .;Capitale sociale;Riserve e altri fondi;Passività non correnti;Indebitamento a lungo termine;Altre passività non correnti;Fondi per rischi e oneri;Passività correnti;Debiti;Debiti vs Fornitori;Altre passività correnti;Totale passivo;Capitale circolante;Capitale circolante netto;Valore d'impresa (enterprise value);Numero dipendenti .;Totale valore della produzione   .;Ricavi vendite e prestazioni;Costo del venduto;Margine sui consumi;Oneri diversi di gestione;Risultato operativo [EBIT];Proventi/oneri finanziari;Proventi finanziari;Oneri finanziari;Utile/Perdita prima delle imposte   .;Totale imposte;Utile/Perdita al netto delle imposte;Totale proventi/oneri straordinari e di altra natura;Proventi straordinari e di altra natura;Oneri straordinari e di altra natura;Utile/perdita di esercizio [utile netto]   .;Ricavi dalle esportazioni;Costi per materie prime;Costo del personale;Ammortamenti e svalutazioni;Altre voci reddituali operative;Interessi corrisposti;Costi per ricerca e sviluppo;Flusso finanziario   .;Valore aggiunto;EBITDA;Utile dell'esercizio;Ammortamenti e svalutazioni   .;Ammortamenti e svalutazioni   ..;Ammortamento di immobilizzazioni immateriali;Imposte sul reddito diff. e credito d'imposta per gli investimenti;Altri flussi finanziari;Fondi da attività di gestione prima delle variazioni del capitale circolante e poste straordinarie;Dec/Inc crediti;Dec/Inc rimanenze;Inc/Dec debiti esigibili;Inc/Dec altri accantonamenti;Dec/Inc altre attività/passività;Voci straordinarie;Fondi da altre attività operative;Liquidità netta da attività operative;Acquisizione di immobilizzazioni;Inc/Dec altre immobilizzazioni;Inc/Dec di partecipazioni;Liquidità netta utilizzata nelle att. di investimento;Inc/Dec indebitamento a breve termine;Inc/Dec indebitamento a lungo termine;Proventi netti da vendita/emissione di azioni ord. e priv.;Riserva di patrimonio netto;Dividendi da azioni ordinarie;Dividendi da azioni privilegiate;Dividendi corrisposti - Totale;Altre fonti/utilizzi - Attività di finanziamento;Liquidità netta fornita/utilizzata dalle att. di finanziamento;Effetto variazione cambi su disponibilità liquide;Inc/Dec disponibilità liquide e attività finanziarie che non costituiscono immobilizzazioni;Saldo iniziale disponibilità liquide e mezzi equivalenti;Saldo finale disponibilità liquide e mezzi equivalenti;Redditività del capitale proprio (ROE) - Lordo .;Rendimento del capitale investito (ROCE) - Lordo .;Redditività del totale Attivo (ROA) - Lordo;Redditività del capitale proprio (ROE) - Netto;Rendimento del capitale investito (ROCE) - Netto;Redditività del totale Attivo (ROA) - Netto;Margine di profitto .;Margine lordo;Margine EBITDA;Margine EBIT;Flusso finanziario / Ricavi di gestione;Enterprise value / EBITDA;Cap. di Mercato / Flusso finanziario da attività operativa;Rotazione netta dell'attivo;Copertura degli interessi;Rotazione delle scorte;Tempi di incasso;Tempi di pagamento;Ricavi da esportazioni / Ricavi di gestione;Costi di ricerca e sviluppo / Ricavi di gestione;Indice di disponibilità .;Indice di liquidità;Indice di liquidità degli azionisti;Coefficiente di solvibilità (sulla base del patrimonio) .;Coefficiente di solvibilità (sulla base della liquidità);Indice di leva (gearing);Ricavi pro-capite;Ricavi di gestione pro-capite;Costo lavoro/ Ricavi di gestione;Costo lavoro pro-capite;Patrimonio netto per dipendente;Capitale circolante per dipendente;Totale attività per dipendente
ROE;KernelExplainer;GradientBoostingClassifier;0.015608727232313246;0.00019324921921733688;0.0005497351950184197;0.00043742642787885565;6.688419365315958e-05;0.00015982424613145572;0.0026087303816998337;0.00013535466323488725;0.00010298887937468327;0.0008552495971663196;0.0019310488206245092;0.0005824282253310994;0.0005623198980834828;0.0004120671568765062;0.0002464629727271325;0.0007017746816862099;0.00017373974678975624;0.00181777975888386;0.0001735246449779567;0.0003594814732638557;0.00030533037897614233;0.0016597074087914068;9.96552980208717e-05;0.0016813453370378175;0.0002831629528852155;0.0020810754834288563;0.0008713098506481023;0.0005230115535033228;0.0005796159320125402;0.00021703925718719207;0.00020383700985381322;0.0011859193423485253;0.006308583487731493;0.0010313680587738234;0.00012543803733450456;0.0008852900415265581;0.0025854949078476267;0.00032984769775690415;0.000667306617622964;0.00019396895819826242;9.25002160671041e-05;0.0001553684141651284;0.00014914064661150105;0.00017729735998173562;0.001193940604016078;0.010869934106871273;0.00033511711225637424;0.0038956365529028707;8.753057808082629e-05;0.002841423084671367;0.000558915306138509;0.001916081152047169;0.0;0.0;0.0006818636160986476;0.0;0.0006254904126777686;0.0019517587795770549;0.0015984776059642114;0.0004376626984246191;0.0009795366867990669;0.00010125486361835663;0.00016766355299188695;0.00012396669470034332;0.0007154118915345775;0.0011837598881086417;0.0003240868513925252;0.0;0.0;0.000524230522420676;0.006152901100604406;0.000586632478525886;0.00023090635707511507;0.0004029451159783979;0.00015700450697085901;0.00022595723068675224;0.00038203728012285243;0.0;0.0024389589430376638;0.0010054815514827684;0.00021801749764349245;0.00022837457818510946;0.0007177507834357318;0.0001351553145225026;0.0003888304343438289;0.00032036506367387853;0.000686248861228039;0.0;0.0;0.0;0.000423108459006753;0.0006847331789970397;0.0004134237268527366;0.0001516482830441712;0.0015381025794614317;0.0004697854834932769;0.0002719170370124578;0.0042472484384579075;0.00013654091701486665;7.478925653279658e-05;0.07620397385341454;0.015552073139412793;0.0028332038021934205;0.0003766315255363397;0.0016344510275091478;7.240571612132841e-05;0.0001319980890999708;0.00034679063277038907;0.01583939747775428;0.0030599367282456583;0.00034284197721267827;0.00041557211125102495;0.001482271658119835;0.0010171589691369777;0.00043912842896081647;0.0;0.0009491574926540092;0.00014460830476095446;0.0008005786359526418;0.0020286560752328527;0.0020230344325770106;0.0002149633303431071;0.000247446979472435;0.0003405923177092907;0.0013745887827073303;0.0021104008331206173;0.0002794447411117429;9.857571347924942e-05;0.00020511599881521792;0.00017618969397356472
ROE;KernelExplainer;RandomForestClassifier;0.0004963932356044423;0.0003252210873987987;0.0017740168331465368;0.004326603507260328;0.0010501720170645046;0.00019643877263051475;0.0018865246679109489;0.0005012003232468765;0.002626630066006497;0.003489796545991563;0.0024272052306451375;0.0010588744832317717;0.0007914048784758997;0.0005797671868568814;0.0007363197501250704;0.000956544422393244;0.000390910123942386;0.0005647956745935412;0.0005360607238987307;0.0004959233778424587;0.0005311349701751732;0.0011019897434788697;0.00018453498842932792;0.002010852170705604;0.0005541329690325928;0.0007851112354892037;0.00032767318031238775;0.0007724385704304016;0.0009442218041880359;0.0006102614717503745;0.0009339060168116523;0.0008042864537662151;0.0006904254274014766;0.0006001711659741482;0.0004220328587725896;0.0003971510473760722;0.0008913265410255596;0.0005067950981741534;0.0005336305960729194;0.00045378810269435313;0.00014860996630443058;0.0005119360842620928;0.0005975239962905379;0.00025056752335050154;0.000754753684541974;0.0033534997553158075;0.00048806595204604805;0.0030820208113288175;0.0004562779668448093;0.0017523551484838523;0.0015553905052035988;0.0003617925308532093;0.0;0.0;0.0024346082098359754;0.0;0.0004031459724418857;0.0011148363469976768;0.0009480919994005114;0.00020253034899552034;0.00039217697003326687;0.0005074130969883729;0.0002958149829937517;0.0005359395360523972;0.0006177885800844514;0.0008749646416669705;0.00029821111174247085;0.0;0.0;0.00026005968364846134;0.0009476078068220802;0.0004668767507869436;0.00023629613959286032;0.00040019504708275095;0.0005245068847688369;0.00032801975699646343;0.000561662219249333;0.0;0.0008420295025251747;0.0004350141130103774;0.00046823200169427017;0.00038519707820799926;0.000575226499042925;0.00037374178519931705;0.00038761396245276715;0.00046672161675240925;0.00042097048634651135;0.0;0.0;0.0;0.0003492433967039286;0.0003541444229178322;0.0004119490340786984;0.00023643695706410933;0.0004970482772535423;0.00042740684381132726;0.00045640533929049013;0.009705501247175464;0.004439873199550231;0.002350979498674136;0.02044004823279725;0.007603807552859256;0.010742920984000539;0.001140465051648242;0.0004952891010815939;0.0007009720546612522;0.0010361952108384482;0.0008840025031071934;0.000954128533545978;0.00034294323562729823;0.000607546161352304;0.0007305429502866517;0.0004586072122481833;0.0005172440661928101;0.0007280822091325327;0.0;0.00026362086017591276;0.0008474782380550832;0.0004344289130261799;0.001033267393391511;0.0017063849520525026;0.0005460553189247275;0.0006105946767987291;0.0010673062215983376;0.0007936318214640046;0.0003352731555028361;0.0004442817173068305;0.0004976743703675763;0.0003966218802732661;0.0004452142862674484
ROE;KernelExplainer;MLPClassifier;0.0009046465493534462;0.053725657677917725;0.0017432007134458066;0.0020184820670562176;0.0031450306070077414;0.1542773856528464;0.029279403868033523;0.002351597503580269;0.0010161300316075671;0.002197167794894742;0.0022663895452930227;0.0012341860647729912;0.001956079842800143;0.020402837327638812;0.002962540402315877;0.011631063698457586;0.0021006371966467165;0.00832031673751787;0.007933933808922818;0.02755084494293656;0.03736871713186608;0.0030134629797452647;0.06969650153148595;0.04644952226093086;0.002692896982464708;0.003360030915571697;0.001059678748932065;0.002573956005389848;0.006515920842261891;0.004038704043296554;0.0042388064899213694;0.002873151181770814;0.011031934897203863;0.004016747423815186;0.08892592419684217;0.001958776738618482;0.003863548306500067;0.014659443206217317;0.0018515798837512828;0.0047262930085331615;0.01625930040938485;0.0036851545490810852;0.011549367950674148;0.005441033057999022;0.0011028588040287188;0.0030575640055955358;0.0016267515423586405;0.00129122255343148;0.002463609386727057;0.002234518190885389;0.003241121779801393;0.002833896409685557;0.0;0.0;0.0022664710190554473;0.0;0.009506804161806224;0.0021898384109594413;0.0015179426819337777;0.002867978256844185;0.001788866293390117;0.0012509431476881469;0.0024770670487500638;0.0014614258544272752;0.008789758375325826;0.001969581508882794;0.002082950121342355;0.0;0.0;0.001906356386067912;0.002196836730217047;0.007936397871746975;0.003952712292456941;0.006501797885633983;0.0016033767130752257;0.001637478186795577;0.00503441072733126;0.0;0.002306312964377998;0.017650183966840437;0.0015329959846217091;0.0013596692084716189;0.001994356074717946;0.003059910629134486;0.0014883320690083645;0.004504488387498425;0.0025556983011540053;0.0;0.0;0.0;0.0031901001183480006;0.002119673235056755;0.0068865418086832605;0.000910403355914573;0.004177876099036386;0.01806160626122016;0.018186140806728344;0.0018961516876975987;0.0005138686870245587;0.0015561924286327958;0.001984706672186871;0.0015398156055958414;0.001270582362924317;0.002129786501547322;0.0021882360148763507;0.0011426497889930854;0.001700176516851572;0.002556197835787922;0.0008724877639366643;0.0023486786021746013;0.0013816252794910183;0.0008977216941763033;0.001572186698635728;0.0017997937781786522;0.0029282000487508317;0.0;0.0016300524148948861;0.0017681411110975912;0.0010712500670232625;0.002547954491114214;0.0019977926506779455;0.0014035199890548087;0.0025760512861359654;0.002147325994539011;0.0009915150655384138;0.003080415625893829;0.0026191176885638815;0.001520855819439358;0.0017235446161045264;0.0022880242001113564
ROE;PermutationExplainer;GradientBoostingClassifier;0.004341115489939468;0.000714043312459826;0.0010123246703283135;0.0012244897557367055;0.0018637542439865658;0.0;0.0037120750443222932;0.00027301829514006184;7.417678041971057e-05;0.0025693152115412116;0.00323912287498873;0.0021516250707976905;0.004405194144555926;0.0014573950074723522;0.0027092939648345068;0.0015606534815033831;0.0;0.005118397932026954;0.0018326510622275597;0.001245701127968411;0.002810700005678662;0.005045240651789306;0.0;0.0037520748198045517;0.002729461547688313;0.007529146686584303;0.003225793311714406;0.008681052555602635;0.0025841556568379468;0.0018743026850363094;0.0022818875386157273;0.004909647372144479;0.010980727148231843;0.003591161554124022;0.0;0.002749001059097408;0.008521162982860826;0.0024326549502436496;0.004900394592065679;0.0;0.0;0.00041078209973908526;0.00011278383582400383;0.0;0.003994957644826013;0.015950748259683487;0.001639115564222356;0.008992864683685793;0.000592798690573129;0.007765702364468008;0.0038585941493578177;0.004537375984143349;0.0;0.0;0.003829914485749483;0.0;0.0019925967405158753;0.006798401539593534;0.005631910197033038;0.002055951752601424;0.004162433942146;0.0007654478214992277;0.00020944332068624475;0.0;0.002847733915614185;0.0049909725436074245;0.0015608032524551457;0.0;0.0;0.0005612486350402728;0.012687670849012485;0.0034202960865173694;1.394970970636299e-07;0.001508079755086226;0.0008205489119875048;0.0002442367077644736;0.0022074516867115175;0.0;0.007451291485872284;0.009418160812717857;0.00019279912360472396;0.0020704539631241276;0.0032187134362598557;2.369286396880072e-05;0.001599581752586464;0.0014443697015159497;0.0034515679478562627;0.0;0.0;0.0;0.0009292365164067516;0.003878255355639562;0.0021691553212866903;0.0004077423300499301;0.004688470165378414;0.0019028105599578024;0.001484272124904413;0.007687517597292943;0.0026162770578382743;0.0016453229880281602;0.08934043233098551;0.024862195430207235;0.007048899446855471;0.0017022820522981862;0.004023902527279611;0.0004100604192911019;0.0003657090227674904;0.0028859897535240065;0.02562713358171568;0.010523116060714141;0.0017015810195533895;0.00202191272418151;0.003610605634505215;0.00552021784039721;0.001981670403534113;0.0;0.0016593579386807123;0.001498412887143524;0.0038249804303358307;0.0061466073581726245;0.0030996626810555748;0.0011840472108485983;0.00289417715800327;0.0024370516825279456;0.007133473756485482;0.0053798831416280975;0.0011203021750185846;0.0003706517578939605;0.0010048815941896055;0.0008502388167811902
ROE;PermutationExplainer;RandomForestClassifier;0.00024918639053254525;0.0019641272189349066;0.003941715976331364;0.007970931952662711;0.0033964497041420088;0.002077588757396454;0.003704511834319524;0.0033091715976331436;0.004906656804733715;0.007750369822485216;0.005214127218934908;0.0028713017751479334;0.002896301775147928;0.0025887573964497044;0.002999778106508877;0.0030176775147928996;0.002934245562130177;0.002259763313609471;0.0029491124260355053;0.0026773668639053267;0.002671819526627222;0.0036919378698224855;0.0023834319526627188;0.0035767751479289984;0.003161612426035509;0.0023769970414201213;0.0026326183431952662;0.0027212278106508855;0.002708875739644974;0.002507026627218939;0.0035076923076923045;0.0030439349112426077;0.003186168639053246;0.002740310650887577;0.0018840976331360945;0.0023664940828402314;0.003754807692307692;0.0024249260355029595;0.0027335798816568073;0.0020079142011834336;0.0019240384615384668;0.0023803254437869854;0.002673076923076924;0.002502218934911243;0.0026915680473372817;0.0054167899408283995;0.0024661982248520785;0.005628328402366848;0.002798520710059181;0.004004807692307688;0.003936464497041424;0.0021214497041420186;0.0;0.0;0.006105843195266265;0.0;0.00199778106508875;0.0033043639053254425;0.003086612426035506;0.002758949704142019;0.0025205621301775203;0.0008185650887573981;0.002712426035502957;0.002132914201183421;0.0029127958579881646;0.002844600591715978;0.0016976331360946744;0.0;0.0;0.0003413461538461554;0.002673002958579889;0.002342677514792902;0.0019971153846153914;0.0015399408284023691;0.002333875739644977;0.0007676035502958562;0.0019392751479290005;0.0;0.0033748520710059106;0.0021653106508875693;0.001959911242603557;0.0016382396449704162;0.0020360207100591737;0.0015726331360946728;0.0008926035502958553;0.0020263313609467496;0.001321819526627211;0.0;0.0;0.0;0.0011982988165680504;0.0019183431952662716;0.0016544378698224902;0.0009762573964497104;0.0020836538461538458;0.0019129437869822453;0.0026351331360946763;0.013131656804733731;0.007544748520710063;0.004648668639053252;0.02425369822485208;0.011370340236686392;0.014715828402366873;0.003415902366863912;0.002818343195266269;0.002455103550295863;0.004669526627218942;0.002762647928994078;0.0033903106508875683;0.0015017751479289904;0.002629215976331361;0.0035536982248520733;0.0028127958579881682;0.0021694526627218935;0.0024881656804733683;0.0;0.00041397928994082897;0.003411168639053255;0.0026608727810650923;0.002791198224852066;0.0036434911242603533;0.002170784023668641;0.002905177514792899;0.0033911982248520673;0.0026242603550295797;0.002389866863905326;0.0020204142011834283;0.0022912721893491098;0.0021900887573964543;0.002050443786982252
ROE;PermutationExplainer;MLPClassifier;2.9867405666533884e-09;0.13590895443666262;0.018533293972305367;0.013167933225416225;0.028828336588887612;0.20677931310134787;0.09680986231899587;1.1518513927830433e-05;8.084800633400645e-05;0.0014845758879564448;0.0007179255395742096;7.225916108349392e-05;0.001869810621061598;0.058131881255181955;0.02537649604855567;0.05339724687477927;0.011789994401301017;0.04964909089335848;0.03610621988244304;0.07255671813821116;0.09943151158805054;0.01800757588808707;0.135683589383584;0.09945225668338936;0.01088799520268973;0.022366857831867083;0.022945808541586142;0.019495292798750882;0.030280875625153726;0.00904703392355874;0.036809892908211905;0.017279375720402647;0.04718101535568537;0.014584303846130594;0.17411950195830966;0.02176553437695372;0.02405781224919444;0.06682981365145065;0.0037823610971274143;0.046725937563031915;0.06446187469676434;0.029221633527689417;0.05018270198244454;0.034413435021754465;0.014011356348723318;0.014003348406085966;0.007081448764964938;0.005380945336302603;0.027615790537672477;0.015242530584578206;0.02008734634512225;0.008701073790489133;0.0;0.0;0.020881508896823966;0.0;0.057769657901218394;0.016485252860757242;0.009219590335590978;0.024276614531390617;0.00299407559468818;0.0034388925973093615;0.01270505923826423;0.018138453806809788;0.037856679381232716;0.010091038193555153;0.01883587742021331;0.0;0.0;0.003871822080580882;0.010513909664483108;0.037591310886814465;0.011962187973643167;0.022778043274495476;0.007595705409418043;0.009391681434538153;0.027708959044764565;0.0;0.028986743975893858;0.047578022212054843;0.014779539844253467;0.006531326422891515;0.004646757092664105;0.025477347432865338;0.004130306915496409;0.02098934784918779;0.007074072517289919;0.0;0.0;0.0;0.016932333174661706;0.006567576017821801;0.025396601823400696;0.003100914580207764;0.02206577625324787;0.042859703951562335;0.06508625432463165;0.0015514573736838942;0.0005888583170437585;0.00019651504948290922;0.0013522905560160224;0.0011154615875594734;0.00015459069770903881;2.2660185541253324e-05;0.0002232224519421456;6.222717911948807e-05;9.676258224695499e-05;8.814286986085953e-05;4.296038403717001e-05;3.48881902070439e-05;5.288813600777672e-06;9.054894355192175e-05;0.000738047010880125;0.0002975258012991443;0.0006737898248857897;0.0;1.099808980669746e-05;4.7949576823787815e-06;7.4851941483752605e-06;0.0004352235025457312;0.0001045332605609489;0.0001113230849001667;0.0003863358973729701;0.00015302072990543248;0.0024062339188481003;0.00016574922535326405;0.0002838466343884818;0.0006779431474083428;0.002143595040657685;0.0025572200962744617
ROE;TreeExplainer;GradientBoostingClassifier;0.11090500687980241;0.0023750240822131997;0.005399986602127755;0.01751885903226601;0.007748634609271828;0.0;0.025164104694366956;0.002984280761535055;0.0011377131626244355;0.013964562943292897;0.018795756771821673;0.010216244201004695;0.016637716727867617;0.004819572028040594;0.008982071303924456;0.005806569892011527;0.0006160513163155503;0.019650226170407997;0.005975300476056006;0.0044596160276018015;0.012942709530535538;0.021161867523130585;0.0;0.015425339215529936;0.009329097870562427;0.029805843281115643;0.010766014944794856;0.023401394565408382;0.009624580045408958;0.006728329149234457;0.00965877806188663;0.02084652477004218;0.03941776768005233;0.014948809641903333;0.0;0.011937800861093455;0.034950446494582316;0.009278682420148367;0.021794890257177582;0.0;0.0;0.0014751339267555042;0.0016002027823311259;0.0;0.01089082347879812;0.07452335025173083;0.006331064226942327;0.043487695920478596;0.002716699817662042;0.026453249172940545;0.014132305877140282;0.01774561300478407;0.0;0.0;0.018178487483628002;0.0;0.007490436839840027;0.028193527243057064;0.03226570632956685;0.009028235404957754;0.015327586455758335;0.004456886263729797;0.000805582428799556;0.0;0.019310856869272527;0.021787143500087043;0.006327662536040745;0.0;0.0;0.0017233626134613945;0.05209734887862299;0.01310300743213177;0.0002353600174006385;0.005166899843281052;0.0023062319229954094;0.0017589701187750895;0.006172708344752176;0.0;0.03303986756912204;0.027712042977123843;0.0007886765057852066;0.008037481461900503;0.014345056829156308;0.00014724105054061864;0.005609570589043047;0.0033699735670253386;0.012056812166840063;0.0;0.0;0.0;0.004536461543565115;0.011574799522394288;0.010593816908760708;0.002073431246341264;0.017452165758314687;0.008550882714398304;0.005546803187189176;0.04683022800542431;0.008358188733499772;0.004751472719988035;0.34091017547494545;0.10830113647463757;0.03489441183308911;0.003002200233732849;0.023074217550921365;0.001204217374015855;0.0023034179059621324;0.010312284614463957;0.09918617058902317;0.040900209006496144;0.006703386491037872;0.005308300660065316;0.012313932376153577;0.019986970530260835;0.008736698095547703;0.0;0.008940015259799056;0.0064793078491447165;0.019928778109070868;0.02786383093923145;0.02397477158325629;0.0043527689971845;0.014337434623529615;0.009489462627705815;0.030248509583609792;0.017524067484261444;0.005766698269663287;0.00215797115650391;0.003950104900545972;0.004141548290507167
ROE;TreeExplainer;RandomForestClassifier;0.002681436459824526;0.001452300578388447;0.004478350399654501;0.006696266865482034;0.002833959056843223;0.0016261043490911895;0.0036249814712446564;0.0030103989792573073;0.005594428148017069;0.007924810370932138;0.004932692918703041;0.0027055846435640584;0.002886448417809872;0.0017927139753026254;0.0030243205137924214;0.0024176368727013573;0.0021549354427597956;0.002096469541509293;0.0025415960133603477;0.002262559077847348;0.002093164690824961;0.0037844874799864447;0.0018094608869220336;0.0035636647720719487;0.003104516069070464;0.0020806219297565508;0.0021092373407802824;0.0021996750261330405;0.002807045088182501;0.002917638104570888;0.002673646537432706;0.0030218419989120698;0.0033235548360739677;0.0026196368177995293;0.0013963448409829698;0.0023279858435318636;0.0030089846178612237;0.002547672277214268;0.0027441621428715675;0.0013253461053238647;0.0014288982066031132;0.0022876589830151672;0.002212249168536299;0.0020464071035568936;0.002031062651192217;0.00669987987333662;0.0024926887485442143;0.006442684372926013;0.0022272660302082793;0.0038800314874279126;0.004505030293869068;0.0021336211478407852;0.0;0.0;0.0051476930291266525;0.0;0.0017237477442909256;0.0031429100379077616;0.0033239192146914663;0.0024294064066887333;0.002087179151390596;0.0008875082312885554;0.002378928852958735;0.001639976163990791;0.002641527417814908;0.002536183221978931;0.0013618953711634582;0.0;0.0;0.00039244149715598743;0.0030743799044662826;0.0018081539014253183;0.0019864315101149627;0.00141144740150686;0.0019662057770967988;0.0007114074507955213;0.0018651090446151865;0.0;0.0033959640231839058;0.0019305900319710864;0.0018143391432442237;0.0017180992060965277;0.002148014686727223;0.0012857030114373149;0.0009319473491739158;0.001772537169900707;0.0010932313034834598;0.0;0.0;0.0;0.0011219506763371124;0.0016958997072887198;0.0014638729690616182;0.000917183705835054;0.0022210330681576847;0.0014902514120776135;0.002203908227623293;0.01411646072108169;0.008511162796546514;0.004324004443425024;0.02328585808156155;0.012444158749773246;0.014368209430890736;0.0030546006434429038;0.0027400230516115604;0.0020712057743574415;0.0037605629646265135;0.0028719067082534334;0.004305473620710612;0.0012949690946227072;0.0025156314536098796;0.0030692805102352214;0.0026597361098767256;0.0021737412397661734;0.00250282697916912;0.0;0.0005258208209317696;0.0033477357846104605;0.0024997639908581493;0.002797167596890795;0.004162951332343685;0.001983528815987269;0.0030851240804326504;0.0033584908411117033;0.002490963796360431;0.0022054853590872804;0.0019288605937635933;0.002043211489632747;0.0019453019779164555;0.0018812310408785008
ROCE;KernelExplainer;GradientBoostingClassifier;0.001146945897306754;0.0005367848958271674;0.00023330796058513477;0.0009763759778047404;0.0001826322420598852;0.00017660078385209912;0.0011623754998373527;0.0004832969992312575;0.0002648206482938908;0.0006168264836716915;0.005002642701142319;0.0004992138450456131;0.00028419302383603646;0.0002480335824412599;0.00020452271004712063;0.000171220211937117;0.0001538816939797875;0.00018271750361020044;0.0002503324339601224;0.00016389871437415848;0.00043899600460388345;0.003400313953492701;0.00031436551564981803;0.00013077780356548276;0.0031619625298390432;0.0002951324364511547;0.0009018518504654456;0.0007665569191742695;0.0005724166966675825;0.0003495202411276167;0.00034884196657708396;0.001971303039937028;0.00018194233436834325;0.00010352235872128669;0.0008314340003896341;0.0007983665073010338;0.003199385201452947;0.0006715316302363497;0.0002888837578734246;7.883557874477255e-05;0.00019280401378497208;0.00032148005152169454;0.0031601416912080222;0.0005344727837916784;0.0007299806599054795;0.006944080623965826;0.0009449115051371984;0.0012868775563430188;0.00020809843175973272;0.005881132839289602;0.0004391993490658456;0.001960221393949549;0.0;0.0;0.00034614382738402033;0.0;0.0006903262524192289;0.0020721533804518573;0.00012498875137631753;0.0005341545881021587;0.0002702368583942857;0.00016773240111078085;0.000294415271670502;0.0021438682678061693;0.00033689717355368283;9.76622916183121e-05;0.0012343218001038645;0.0;0.0;0.00013976004366152272;0.007127067155828646;0.0004986586405277958;0.0008380896473706772;0.000303370819804607;0.003808967415412827;0.00028098994347897517;0.0013884449505098867;0.0;0.0074447617984590726;0.0010402473072389992;0.00028889176977636683;0.0011146526095850472;0.00050099537385084;0.0007548311245359813;0.0008075787714643937;0.0005253741738427623;0.0017387129185878647;0.0;0.0;0.0;0.00042262644483746065;0.0004606857330458196;0.0006360690754915261;0.0006380940094965736;0.0003866508753488364;0.00021603683547195487;0.0010489975183558767;0.0030579363857560255;0.0005918240073821807;0.000582042852228724;0.006065690564719509;0.12257450711249546;0.0024986139316364444;0.00018001719480568225;0.002692717764548737;0.0008597381997072124;0.0019098699336324697;0.00027128122651587876;0.013634615004017938;0.0034562816753118965;0.00031972271858313493;0.009081926937672126;0.0004684743033040551;0.0002525661464627864;0.000343605928124827;0.0;0.0007774893857436037;0.0003078746364221488;0.0006632762177468436;0.0025077333260296176;0.0004742033299992262;0.0021820725217067015;0.00145466806829363;0.00017297535057765975;0.000661146262589886;0.0006713389189259351;0.00013924679691033692;0.0002647842788147958;0.0008494287122582534;0.00018274174920725444
ROCE;KernelExplainer;RandomForestClassifier;0.0004696600020745231;0.00040520991819143674;0.0005614661119511681;0.0018840255415366245;0.0007895922069680085;0.0005825931465714335;0.0007258451391094437;0.0007652712346737204;0.000669585173143209;0.0015316429458660326;0.01915115912187594;0.0010805037350166472;0.0004455332011610328;0.0003603310834507428;0.0008464709166762059;0.000654107208495334;0.000422158819334182;0.0003999060202244266;0.0006101804970990384;0.00027549606557803223;0.0004541835439833112;0.0010020201094064632;0.0005077085910975547;0.0005366000546185911;0.001481896191605184;0.0005134286342374257;0.00040619568324506874;0.0007796118027482148;0.0006132761997935821;0.0007761389905645364;0.0002756773937958707;0.0008073007211038366;0.0008160439887274572;0.00036425985598435455;0.0004481821312453649;0.0002673885178446605;0.0008213218301555599;0.0005291453930421024;0.00046359291653150464;0.0004808355359034502;0.0005999964736272293;0.000455664248978055;0.0005261542116376604;0.0005997234877336402;0.0012727058353049644;0.001034932929297128;0.0006871071251519741;0.0014781635223561102;0.0008560363242654774;0.0016007921698076007;0.0008137358866913614;0.00040139060234881504;0.0;0.0;0.00210838743739641;0.0;0.00047589874153868017;0.0009702570955549565;0.0008201956189394526;0.0007500509548153068;0.0005848121952494833;0.0003512794892822925;0.00030563836948847395;0.00013415032769520198;0.0006960195385097854;0.001205093806565412;0.0003229978859546629;0.0;0.0;0.00016026624756609268;0.0006393602321296891;0.0004901493141562524;0.0003191302493046792;0.0002719151921802989;0.0003972992805221713;0.0003893682682383111;0.0005190758006715408;0.0;0.000579086489611252;0.0002726268580606801;0.0002210847761587257;0.0005230204339113883;0.0006004835727229761;0.0006100208526419767;0.00036963064575964717;0.0002093107361747031;0.0002193080446929887;0.0;0.0;0.0;0.00014878217023136983;0.0003333533933586449;0.00045761208894035197;0.0005220729002779026;0.0006315249312336248;0.0005138901478374599;0.0007376307873572394;0.0008202911874222832;0.014280320034368753;0.0007450730203023984;0.0026489930166008345;0.027310469155929558;0.005260431255435654;0.0008238178856457627;0.0006577993594637196;0.0003053174534901164;0.0009278870006127319;0.0006232387504421444;0.001356315831872862;0.0004212371733319483;0.000308983604560038;0.003172623391977667;0.0006052136878046851;0.0005204212332840794;0.00045467214638114694;0.0;0.00026976060264004666;0.0009431459565299823;0.0008109051081342328;0.001269198639430023;0.0005872626474290857;0.0006195518513902407;0.0005357812768578466;0.0009609949469151533;0.0005133516245042391;0.0006234196620938117;0.0002133318124580993;0.0002868359821952053;0.0004083214267851134;0.0004993401602392524
ROCE;KernelExplainer;MLPClassifier;0.0011352093114433775;0.008515411369581493;0.00908273384587109;0.00710522892492235;0.0019296881492678556;0.025905012034669047;0.005543060376274234;0.0012980056497699855;0.0011431557599863404;0.001276211296372529;0.0009921317529894393;0.0018238510847248353;0.0017613780202140135;0.0339572641684626;0.0031579522391824264;0.005691999427426307;0.0051380730000872244;0.030190761675055407;0.0016997411416482964;0.003732637497637593;0.0037201793348486923;0.003753175212086359;0.12182243533708097;0.02694921963115982;0.0012168449512853508;0.002721279553683137;0.008347492672020168;0.00284953772437763;0.0028732829068727522;0.0020255104964290583;0.012505396981829594;0.006620215849317856;0.007904360060120422;0.0037009992963727605;0.015309427205091286;0.0038469769828214364;0.010371139474730324;0.016092287143442897;0.001780178704759211;0.015495182586958084;0.008262887783172973;0.004707065941894123;0.008532417566086616;0.0025433546328172425;0.001017274871764344;0.001956991210869145;0.003553095418902116;0.0012633258408291516;0.002170345201746633;0.0011908402741214507;0.001945599866077602;0.0023647546639531136;0.0;0.0;0.003703506536897496;0.0;0.006980593047916585;0.004666778956248636;0.004192180084050203;0.002033313385414469;0.000776701807882219;0.0016186641360243636;0.0031315256471098315;0.002361069549923803;0.002520082559561644;0.0030823791888899854;0.006921186251439625;0.0;0.0;0.0007994034168740192;0.02636227674853346;0.07003085709771291;0.003992609987427212;0.003473108878281649;0.0016780809311796163;0.002038502884497773;0.008727899638192057;0.0;0.00350726699622652;0.00652417875829528;0.005800617711956898;0.0031263839277306366;0.0019546474720589973;0.006172878159025596;0.0031973612866046555;0.003142771923125994;0.0020353910336070404;0.0;0.0;0.0;0.0029217744789596903;0.001401563469853322;0.002763040303272224;0.0011257467678702701;0.005442321245972055;0.004459691267657766;0.006078854275277232;0.0010814932274389383;0.0021395330267318727;0.0013249625101239685;0.0009535554845906093;0.0013996158491601384;0.0026515020154996923;0.001563572853606438;0.0020104161369917575;0.0016110148404247075;0.0010114007595715838;0.0019996523640704554;0.0011055991282015892;0.0008558572683595004;0.000818100965629233;0.00199927401484482;0.0016662542760729592;0.0018836550872607454;0.0025122078369327486;0.0;0.0014027170648255177;0.0015593256346336825;0.0009199720195861212;0.0019227980540422185;0.003005987932669148;0.000721956773492602;0.0016655433039255818;0.0015447650023720143;0.001118394392075849;0.001240945288130614;0.0018208855884666094;0.0015163376931607367;0.0014437537452748298;0.0025495179574405676
ROCE;PermutationExplainer;GradientBoostingClassifier;0.0008303407809274768;0.0007332557553841257;0.0;0.00257789264114409;0.0;0.0;0.002495977497950965;0.0036201386974370497;0.0;0.0;0.009306587029311158;0.002943957478069457;3.181936584233836e-05;0.0;0.0014519699279975655;0.0;0.00016919185860622457;0.0;0.0011481366274610468;0.000961724407802276;0.002774943938827097;0.009564522137106835;0.0001686153109696764;0.0;0.008656270724856436;0.003703314340615216;0.003718735765544814;0.005247752873375383;0.002768304396322958;0.0019413335663199082;0.000652975855016128;0.007968796546146462;0.0;0.000899475890363651;0.004251681061853493;0.0024997045243578923;0.0074493835872203665;0.0023535063838872193;0.0;0.0006110321275354093;0.0;0.0017251031068490632;0.00631238979078677;0.0030043427084115093;0.0021593186885828304;0.014597898289116678;0.00483661062551834;0.00422958033540239;3.4906259761648614e-05;0.012939515852667683;0.0036692648350919;0.003820002853802781;0.0;0.0;0.0019703976146450055;0.0;0.0026061877009339765;0.007401826463501886;0.0011311082905638523;0.0016642056601640083;0.0011973139167075202;9.632966062304171e-05;0.001372813597484929;0.00956739604281431;0.0010039016848535664;0.000840202268244627;0.005701631791251964;0.0;0.0;6.863724056258367e-05;0.01242210610189216;0.0006908429204511374;0.0028597966690803995;0.0010861368513022478;0.007424920849997733;0.0;0.002325991805908372;0.0;0.013764054044556015;0.004157064812469555;0.0008754266245277064;0.004691307070638041;0.0012260056037105395;0.0020643131642202645;0.0028578577831217342;0.0018281496490111552;0.008038467862012528;0.0;0.0;0.0;0.001857684781736544;0.0027921992849200988;0.004778637746811835;0.0024634040344620376;0.0023370096150112205;0.0018720688449425436;0.003734875153884813;0.009186800781638289;0.002933031741722491;0.0021181262933591483;0.013364942448546514;0.13186582403506186;0.006961850146905374;0.0009521967337142522;0.006479839117078129;0.004188327187277196;0.008334330019709077;0.0027577212199703218;0.02211881409486269;0.0076051644267065305;0.002118272192321101;0.01582120214666138;0.0017541147708169788;0.003105520567567552;0.0016631520028556868;0.0;0.002070955775241576;0.001703207604476832;0.004170407267008407;0.007037800009532274;0.0035997768706297274;0.004495202377236718;0.00765770462803627;0.00024142644891474163;0.004938532452252506;0.004478630441490569;0.0020608913354930552;0.0023120490991846367;0.0048456215566122784;0.0017327725854507394
ROCE;PermutationExplainer;RandomForestClassifier;0.0001927514792899444;0.002138535502958582;0.002796597633136087;0.004745044378698229;0.002577810650887578;0.002250813609467456;0.0028946005917159824;0.0027184171597633114;0.0033224112426035544;0.005548076923076937;0.022539940828402386;0.0029869822485207136;0.0021641272189349124;0.0022468195266272147;0.003227588757396454;0.0026086538461538482;0.0023672337278106527;0.0035193786982248517;0.002344674556213023;0.002164792899408277;0.002944822485207108;0.0038639792899408296;0.0022653106508875812;0.002771893491124257;0.004134911242603552;0.0027146449704142043;0.0027346153846153887;0.002768934911242599;0.0028545857988165695;0.0031436390532544422;0.0020369082840236683;0.0032273668639053203;0.0029284763313609445;0.0026178254437869844;0.0020929733727810644;0.0018835798816568088;0.0036124260355029636;0.0031623520710059127;0.002031286982248532;0.0021356508875739616;0.002545784023668644;0.0028160502958579983;0.0022017011834319466;0.002530473372781065;0.0034764792899408276;0.0034903106508875673;0.0031018491124260353;0.004468934911242612;0.0030133875739644877;0.005340088757396455;0.003715680473372788;0.001954955621301776;0.0;0.0;0.0049265532544378755;0.0;0.0023222633136094632;0.002971079881656811;0.002969156804733732;0.0033423076923076948;0.002411464497041423;0.0003429733727810681;0.0023611686390532538;0.00246176035502959;0.002866272189349111;0.0032752958579881693;0.002191198224852079;0.0;0.0;0.0003034763313609474;0.002564644970414212;0.0021132396449704137;0.002013757396449708;0.001307988165680472;0.0016826923076923056;0.0006215976331360948;0.0021445266272189256;0.0;0.002617529585798813;0.0020661242603550282;0.001957692307692307;0.0019473372781065065;0.0021590236686390538;0.0017705621301775136;0.0009874260355029606;0.002062647928994075;0.001740606508875738;0.0;0.0;0.0;0.0011810650887573964;0.0015405325443786971;0.0018975591715976374;0.0008585059171597622;0.0032519230769230746;0.0020365384615384677;0.0020641272189349177;0.0041747781065088795;0.01954105029585802;0.004543195266272183;0.0067113165680473446;0.03112973372781063;0.008661020710059173;0.0030855769230769222;0.002562278106508879;0.003063313609467461;0.004952292899408296;0.002746153846153844;0.004032544378698226;0.0024036982248520685;0.0025766272189349103;0.007650665680473365;0.0020459319526627247;0.002408653846153851;0.0026499999999999987;0.0;0.00046131656804733386;0.0038404585798816615;0.0038338017751479363;0.004048150887573969;0.0027546597633136102;0.0017823224852071065;0.002856656804733727;0.0026883875739644914;0.0027821005917159753;0.002993713017751488;0.0019263313609467465;0.0017442307692307664;0.002726849112426034;0.0021194526627218912
ROCE;PermutationExplainer;MLPClassifier;5.302681747224677e-10;0.05885293150609187;0.04609025932306048;0.03336580457115977;0.01453883147642968;0.09287854507012068;0.04078542873884752;1.5870676016149044e-05;0.00011491184392171879;0.0003403330030533836;0.0011217229736687627;4.3673711049414755e-05;0.0026578180409831446;0.10184647548507783;0.03318524237168252;0.032595634541642604;0.0214975980557454;0.10763468306979268;0.014964082265572748;0.031145986018354863;0.025604367939252172;0.034953537279789955;0.20844980407834196;0.1111163564106399;0.01499857636272847;0.026345970288348765;0.06291661763206034;0.020971388496523705;0.016367548084610294;0.0064608003931727435;0.05735243908006501;0.030162666911271337;0.03935349559757074;0.021837761565383876;0.07488703740121687;0.031757040546444106;0.04970315541862181;0.07361146175724817;0.0020589676329255784;0.0653940263821749;0.060880008559942085;0.034240281009076876;0.04894065097500237;0.0338163138646793;0.014468533425113034;0.009876783838289731;0.012327791006952905;0.0042112539008855145;0.020672690412679003;0.009300697448135286;0.008518199715641597;0.007490803058520568;0.0;0.0;0.029042125089118975;0.0;0.04334215312989879;0.018069152560766327;0.02151810257243775;0.02274232865761503;0.011584964490382392;0.002250611276647661;0.016476751835143386;0.026325769587809852;0.012292333952499774;0.01684414192023739;0.021734958813816024;0.0;0.0;0.005970908855787488;0.04531143227433265;0.08321785640127781;0.026806599402782762;0.02390881744420436;0.008002062704626422;0.012600992217687965;0.03370686520210529;0.0;0.013595753268637042;0.020900653486445687;0.01752650659279417;0.014323090295077442;0.006534175303629293;0.02232343029359811;0.003061716933264479;0.016092697211942196;0.005947986631028169;0.0;0.0;0.0;0.021753801629703102;0.004911347129594963;0.012795450540058843;0.007200217480639825;0.021408977330758746;0.024305015638882852;0.025306314612521214;0.0003322030172448072;0.0009672123787702557;0.0003105058711119398;0.00042931341213523383;0.001072362713014459;0.00023210012910155307;0.0001204114955093294;0.0002316997599846518;0.00011053966740230454;0.00021082448803172728;8.112453049748167e-05;7.344825559786544e-05;2.7226604564551554e-05;4.857362338401681e-06;0.00025051292546337807;0.0009286713746755885;0.0003355395933791982;7.821180436106568e-05;0.0;5.639311058335405e-06;7.378699153288731e-06;1.0989005428884221e-05;0.0001237773752475484;7.622591641945137e-05;4.538354432147602e-05;0.0007547621691321738;0.00024884749420822866;0.0009481405315901011;0.0001658925285374364;0.0002714865338072033;0.0015174498002698087;0.0020753064013192004;0.003034332470417072
ROCE;TreeExplainer;GradientBoostingClassifier;0.02983715789122614;0.003483736667619896;0.0;0.023859161275923066;0.0;0.0;0.015946346191236468;0.018263527229368963;0.0;0.0007112391026115299;0.0414107725488603;0.00682970226218041;0.0004507402325752113;0.0;0.005788797818627748;0.0;0.002232347886353038;0.0;0.003556732932831874;0.004636687210157982;0.012474919621226899;0.03708638078480686;0.001019888385861709;0.0014171520263045426;0.03187304076411375;0.008870706071028498;0.019697716599274863;0.02011983431438462;0.012099794842319692;0.009426143789492039;0.0033694526761430528;0.03550457253510762;0.0;0.003432011604893606;0.007168628408338458;0.014971083745898166;0.03857639000776633;0.008390385739794892;0.0;0.003980540213822963;0.0;0.004668758490034218;0.028753931027800834;0.01213076393097018;0.014782247389245365;0.05477034454815333;0.03396853042747827;0.02079610591132125;0.0014935089697281996;0.055376980430748;0.015529037478099675;0.02434697897392659;0.0;0.0;0.005634678522988939;0.0;0.011800060760405096;0.03253107620203976;0.003843353585451674;0.010699278048148124;0.00553871268005088;0.0009670466757929402;0.003148050060395009;0.02871936442018291;0.0063091086036804606;0.0055953308412099185;0.022745231158503257;0.0;0.0;0.0007630740109271343;0.055620288937710996;0.0028021596036344534;0.012695532903068608;0.002741385656563069;0.023378697023740395;0.0;0.0070776910465150614;0.0;0.06137073992856538;0.01795410602476182;0.0028457697905494334;0.019704297184102024;0.0050595154768089574;0.009786588107319303;0.008914530218643704;0.007237440846824677;0.021186387488415077;0.0;0.0;0.0;0.006513075170405773;0.00720742926405983;0.020389322577229606;0.008764380412911754;0.010611945286322906;0.00790829190415103;0.01329130649852491;0.027661840037081505;0.013944587653743146;0.008494074167416026;0.04185594280417529;0.5175394209256357;0.03283797251132798;0.0034126195915951244;0.027717454814926372;0.014106215223026857;0.027349504400913646;0.00829825593511774;0.09661698692194717;0.030669622739733317;0.008271318793910307;0.06823678469129896;0.008377601595138047;0.017233524832459244;0.006317496122722489;0.0;0.013642679662699959;0.008805352888510528;0.016062716578628306;0.031247190784740957;0.016215244912009364;0.018866320295877547;0.028324556902437986;0.0017375401509432625;0.021559657416708084;0.015570831804240083;0.00522258923917143;0.008980709948584638;0.020047030208200502;0.0067248727870541725
ROCE;TreeExplainer;RandomForestClassifier;0.003162877442968761;0.0017135712538141757;0.002358732702394861;0.0046388205196993375;0.0022818277667921846;0.0016998036093593648;0.0021662995748317226;0.0025732906860043204;0.0023161071286518903;0.005300506880171082;0.021358774380908534;0.003180638751798085;0.0019090987908185473;0.0017920408060342226;0.0029923552185297606;0.002060054667907133;0.0019550718806239896;0.002840332612148036;0.0020676346330605368;0.0018187786005539812;0.002126942813805819;0.0035900176573860757;0.0019621778299259754;0.002150309526359359;0.004346703400289403;0.0021820586356686555;0.002285401610583687;0.00265539615049418;0.0027882933335408896;0.002991224090071567;0.0017050997537983734;0.002913121364009522;0.0021939344982733295;0.0023926184365020836;0.001443570062125533;0.0016016463338837665;0.003208088206591135;0.0028135835505272723;0.0017798695779219916;0.0014650290262823282;0.0019469615510362798;0.0022948087371786026;0.0017362405649344742;0.002144055192728493;0.0034534963847647634;0.0036025193600880117;0.004559680082164448;0.004227141541282667;0.003000559231439122;0.005125369845085136;0.0032887778209495515;0.002264788915968954;0.0;0.0;0.005008531339509491;0.0;0.002063032749761651;0.0031668750028462835;0.0026167254024739668;0.00297474396870747;0.001954001007186282;0.0005120240452169992;0.0016410834677895035;0.0020863635145232954;0.0021707028160432226;0.0032484162935395447;0.001870082129920131;0.0;0.0;0.00038850429979295697;0.0026765352069453765;0.0017432664023165098;0.0018560655034947165;0.0011840277161962666;0.001460802231921624;0.0005861487201428154;0.002240669675284703;0.0;0.0029150719050320397;0.0018483425483096796;0.0015688142339341708;0.001826942901040775;0.0020962586396727407;0.0014197929775949258;0.0009190968635049226;0.0014642704995182117;0.001534912917038234;0.0;0.0;0.0;0.0010326575528471571;0.0013374462703092758;0.0019082682033733887;0.0007016731331838406;0.0035480156701401403;0.0018029482317882697;0.0021005105766765076;0.003805471367252244;0.019506716947870872;0.00319560891618705;0.0061445598113422815;0.028454146774803193;0.008935692934318782;0.00270026751203447;0.0030085047413714464;0.0024722214636893973;0.0039284072530094;0.002561890353736549;0.00509421649022484;0.0021503750840835565;0.0024781508533934216;0.00782093657575349;0.001879324930154051;0.002482858612196739;0.0025169189144870134;0.0;0.0007123351479786764;0.003719618572006051;0.0035289003870346046;0.004039833224455973;0.002593744428026069;0.0017183192957065583;0.0028211892822859073;0.002256224999397188;0.0027255271031329954;0.0031111477752325915;0.0018401260661495165;0.0015714788964449398;0.002648976085922492;0.0020555452838102147
Utile Netto;KernelExplainer;GradientBoostingClassifier;0.03042120091925254;0.00017671103475830143;0.0006168563762167876;0.006225134281520188;0.00037561489759473386;0.0018507821858611928;0.0002514027700665115;0.00029027576400903675;0.001359107333859583;0.0015933661093988885;0.0006533947199730693;0.00021551880531631528;0.00010057476292820476;0.00018352144143494786;0.002624304685097886;0.00024502153793577757;0.00012136635816853378;0.0004906070632364508;0.00018318959821108857;0.00031051386432262947;0.0001979940363913487;0.0020008818220601334;0.00030419447969689525;7.189788359266328e-05;0.0002575935439272313;0.0009590096646019991;0.0003084387458571404;7.304737985952016e-05;0.0006832117574200354;9.357623309297332e-05;0.0010398127106441123;0.000888994812321511;0.00026157397886825015;0.0005343235079841306;0.00042292922876326446;0.0005357512285039666;0.0003642806279695505;0.009536138573392996;0.00020632329164498383;0.00012181314224384952;0.0004512307861454029;0.00019925953695856404;0.00013090642035155152;0.000721278589952792;0.0002543016054339969;0.012553274248938956;0.0004961822932391461;0.0026125332896618663;0.00032228469011299387;0.004990274404487464;0.000584159950321985;0.005916107316621818;0.0;0.0;0.0006137791170464832;0.0;9.682014982126534e-05;0.00026582222129193885;0.004553492889334744;0.0012212274280803187;0.0008864248796790378;0.0002579411844436933;0.0002749320981566776;0.00021307716411754664;0.0001961696060322159;0.00012194037748944983;0.00046144120310758776;0.0;0.0;0.00017730887496965314;0.007511443588984652;0.00013715216844905684;0.00018287067564754365;0.00037120389397424426;0.00041831429191840333;9.802640250857625e-05;0.0011240205095975264;0.0;0.0052764151559229954;0.000175290266689245;0.0001124179878099331;0.0003411768764695965;0.0016352810288504079;0.0011415972700837386;8.157821821216173e-05;0.0006610928108019731;0.001567394162047102;0.0;0.0;0.0;0.00023105520041666208;0.0001698581719781778;0.00034636688188605607;0.00021694246032339463;0.0016664432680720662;0.002233773331360686;0.000732999844386474;0.004910143811091213;0.0012350616707635447;0.0006728245444229711;0.007132391803587403;0.001622349912965111;0.00857223131953033;0.0002447074827045703;0.000595376102988713;0.0002723018594052589;0.0005991879794211723;0.001645429880584719;0.015304661207574694;0.0016446412655433391;0.0001832347861991531;0.003214212241433662;0.0004963215756640259;0.0011479672477408887;0.0008525820823490314;0.0;0.0002888528286238551;0.0002569598260811333;0.001353116189017382;0.0002648790739992027;0.0019722242328412487;0.0009253849365236317;0.0003697861673743377;0.0006482121433482249;0.00013824105538877237;0.00326113250139449;0.0001279497367794403;0.0002699852893407163;0.0004238365387604002;0.0005561041245260771
Utile Netto;KernelExplainer;RandomForestClassifier;0.0015448889664789948;0.0006601291420558206;0.0011378553346050927;0.002794470000381135;0.0009206741761288771;0.0005852795425371008;0.0003084791470157779;0.00044087091478188755;0.0006651335109946154;0.001193320798597485;0.0008446355483376942;0.000620899801895692;0.0006189391454223149;0.0004779020187289085;0.0012138248342813992;0.0005653432242479464;0.0005446923611614784;0.0005746746364530814;0.0007844985406497778;0.001134222560902309;0.0010350010172278168;0.0009298849898036678;0.00033764405524031347;0.00038755085788618924;0.0008398304296577506;0.0007583638958400444;0.0005813300318383592;0.0005442184790567901;0.0013208931845698616;0.0014588736924425103;0.0008660576889280773;0.0008834539354328919;0.0010990033350255421;0.0013840308201514488;0.00053651534392518;0.0004620228102620255;0.0006087310232882056;0.004653566646528616;0.0006252372719857201;0.0009277779469933592;0.0007618892537643359;0.0005678113705123849;0.0008092383355360116;0.0006156057972136157;0.0005907651366231468;0.005242333689244541;0.0003730871092373255;0.004793971974272259;0.001159830729244904;0.002141570019153832;0.001096668232693417;0.0009340987169716865;0.0;0.0;0.0027205421509737112;0.0;0.00036864511782598087;0.0008028370558049215;0.0019871545302505237;0.0007694016092462164;0.0004558446858857686;0.0003116571689732395;0.0014282403305652023;0.00032462244045576815;0.0008332784631243086;0.0004701976172612724;0.0007163247790508322;0.0;0.0;0.00038844069707114824;0.0013193221884877347;0.00035402228724357735;0.0002507138990442199;0.00025930620477636416;0.0005854125572860921;0.0004335452585761067;0.00021526459388186632;0.0;0.000633329110181535;0.0008658063791982344;0.0003318085794021006;0.0004204027523094944;0.0007579769329469374;0.0006587583874464541;0.00027126923482893276;0.00041995440587054057;0.0003226194323834098;0.0;0.0;0.0;0.00020977878688733292;0.000625530047121984;0.00030306342353607487;0.0002481739073736669;0.0010160750594203137;0.0005225782631467388;0.0009988398927694255;0.0013837363526481607;0.0007796925276016039;0.0008000492169354383;0.0020441181731092515;0.0015361780119582656;0.0024706536535965508;0.0009816498343583394;0.000919684623206077;0.0009114765997851199;0.000676790422886843;0.0010547092927833486;0.007234837912408943;0.0010025658651392952;0.0006935538872436602;0.0009733120552499774;0.00047313845805858326;0.0009893492163639123;0.00031279641642415997;0.0;0.00042925125445721394;0.0007850912371932793;0.0008937470897896846;0.001047188619846953;0.0007921197899049898;0.0005591661663899123;0.00048266931856746307;0.0006521963919301385;0.0007390243243656256;0.0012974798760362154;0.0010226898824026364;0.0006741558677058528;0.001204625907415424;0.0003572480400476509
Utile Netto;KernelExplainer;MLPClassifier;0.0013299605327880474;0.11562263845802233;0.002012587719246599;0.005159468875094902;0.005489608664236431;0.04995425104186826;0.05982897110261466;0.001383166644801696;0.0020454514410046917;0.0003883471447976025;0.0013555698727327884;0.0018503488719048117;0.0020826306574118127;0.014272523757200804;0.007148629217673322;0.00796151220745435;0.0022311097341655792;0.0281061809266367;0.0019029890300253326;0.0059430243243008725;0.009403614899238293;0.005237175665405654;0.10591727094982104;0.007759308718686326;0.010386738505552677;0.030979133359993687;0.004585169795843085;0.0023334018334987133;0.007364899674429923;0.00243283207352202;0.004478376311756539;0.00172747643028654;0.002743181961722497;0.001838636338651924;0.07257247152605546;0.00319616025328004;0.011180554522547596;0.013852610068684063;0.0007970631639170025;0.030340371098194895;0.017539840850012468;0.008510537244175503;0.004038194542216337;0.002844753957788718;0.004488272753956163;0.001149404862484801;0.0018188008715172826;0.0017062862603802965;0.005549868811037745;0.0015325732035297935;0.002313939875423366;0.003212687357984529;0.0;0.0;0.0009524203099974541;0.0;0.0051098702329125485;0.00354588822554281;0.004178992783869364;0.0039085854467362496;0.0017966987762770689;0.0020150943934651214;0.02174195584358694;0.0038113588859043468;0.0022372676354723143;0.002755846623788641;0.003254777114194556;0.0;0.0;0.0014580779383742666;0.0022435664515270274;0.012422128500520777;0.0029197009596566605;0.004473651353196465;0.0033088718799109693;0.0033844394734469305;0.008448520100517026;0.0;0.0036590040024720495;0.017925371067397944;0.0016841769501916037;0.002323802804013284;0.0016356729759307775;0.0059340756327589655;0.0010323051745608808;0.0015563693397177467;0.0011765060903548897;0.0;0.0;0.0;0.0014322679463760468;0.0025441811507018273;0.003247442161523183;0.0015060526718081795;0.005602114095716304;0.006917216684046576;0.0029932539488983488;0.0023812067826026106;0.001573033860234341;0.0019076948053450551;0.0015402572949543508;0.0018680071674151185;0.002013121600000724;0.001373758527354429;0.0012977759089712602;0.0014545709982236254;0.001884835067621951;0.0028166707097601793;0.000536591282544042;0.002991659541610097;0.001247910474531713;0.0014860970775581721;0.001204643172782954;0.0006959478928724267;0.0013698158913786715;0.0;0.000702775925906891;0.0011513157907831473;0.0027021308593820556;0.0024724347754479267;0.0008730923763085453;0.0009421709992739858;0.0008208033692078551;0.002001258872531659;0.001758395607411052;0.0014515862062064397;0.0017206430035817933;0.0010300759293951224;0.0011568269583218352;0.0025029468112182634
Utile Netto;PermutationExplainer;GradientBoostingClassifier;0.0011674200580668041;0.0;0.003341969221319393;0.008796043389729686;0.0011992744412842745;0.003937656761501161;0.001677432535079428;0.001584110640650336;0.0033437596097315907;0.006879399355819331;0.0012891021686353662;0.0009196646723835222;0.0010803470346110642;4.837112437403725e-05;0.012067828283278136;0.0005416759954123309;0.0;0.0006069133834904787;0.0018078760580808513;0.0011424150796400946;0.0004048110488182617;0.008962670366698199;0.0;0.0;0.0008431007502160822;0.008362214980608323;0.002799456290120449;3.3732726461333307e-06;0.0025510056061507705;0.0;0.0037920569403864617;0.003447832636413871;0.0022578654433215387;0.0007259534171327656;0.003580853407159383;0.0007630508535018036;0.0009344208301920448;0.021250066350092488;0.003483998938412993;0.0;0.0023303506652912983;0.0;0.0014210040459912087;0.0030153815988202453;0.0019587252873388703;0.017211010026759906;0.0009594301785852143;0.007781690173034028;0.0019949660875370396;0.01235761716165378;0.00674292212008435;0.01373358741247757;0.0;0.0;0.0018484901184557903;0.0;0.0;1.1893370974573217e-05;0.010770824442814181;0.008609261283189977;0.0044193849616309755;0.0006942830127877584;0.0008680924883149737;6.481017665156296e-06;0.002094491302680292;0.00020708044220892413;0.0021485821463605188;0.0;0.0;0.0006144838402432495;0.022488848424337547;2.2726470647977787e-05;0.0005889491043184808;0.0016822652714683895;0.0018324665661113033;0.0;0.00352520664086944;0.0;0.012670818736610877;0.0018459828438441015;0.0013715007757244373;0.00162400632364403;0.006298556555252999;0.003727168701763131;0.00014487797637127193;0.0011540738105771757;0.006758539364612026;0.0;0.0;0.0;0.0014548898428884652;0.0002131824788999885;0.0007124774346104379;0.0003481908958712496;0.005632115492972422;0.0032746239310520427;0.003355938274768238;0.011404495763686483;0.004729144147708821;0.00312746655110422;0.017606462847879402;0.006362924711570092;0.015234236519880942;0.0019126358957360055;0.0028787309572138116;0.0036197238472307483;0.0020519236583587492;0.004962444565121487;0.02883322811465678;0.006568295476731395;0.001789148075548525;0.00846252911033584;0.001065373698842438;0.0038253477996441935;0.0028339502515968744;0.0;0.0007454306492207016;0.002679138835489113;0.005889627944991452;0.0010508196767071562;0.0032872588414658414;0.0025431562144319353;0.0027844385122441752;0.0010379250171481784;0.0009053188472517745;0.007418938914713544;0.0008704288896721578;9.147517861574501e-05;0.0032719396508460066;0.002938605321726684
Utile Netto;PermutationExplainer;RandomForestClassifier;0.0001118343195266294;0.0027593934911242647;0.0027659763313609455;0.005497115384615386;0.0034737426035502967;0.0026767011834319654;0.002159689349112428;0.00294282544378698;0.002538239644970421;0.002808136094674559;0.002550443786982255;0.0028835798816568047;0.002258801775147929;0.0028480769230769198;0.004490828402366864;0.0025363165680473486;0.0028619822485207195;0.003195044378698216;0.0025227810650887616;0.0036858727810650965;0.0035818047337278095;0.0034761834319526745;0.0023266272189349188;0.0020515532544378664;0.003154511834319526;0.0029363905325443806;0.002503254437869834;0.002902810650887573;0.003503476331360958;0.003925443786982245;0.003325813609467454;0.0031684171597633273;0.0031911242603550314;0.003626257396449707;0.0024366124260354984;0.0022245562130177652;0.0028255177514792964;0.008463905325443808;0.0022846893491124316;0.0029068786982248563;0.0028345414201183393;0.0024071745562130173;0.0026488905325443807;0.002593786982248519;0.0030632396449704127;0.00812832840236688;0.002096005917159759;0.007749334319526646;0.003584911242603564;0.006216272189349123;0.003852440828402379;0.004402218934911241;0.0;0.0;0.006098446745562128;0.0;0.0022874999999999957;0.002356065088757396;0.004196597633136092;0.002836094674556217;0.0027917159763313727;0.0007437869822485215;0.004113165680473376;0.0022661982248520737;0.0032607248520710092;0.002271301775147927;0.0021641272189349167;0.0;0.0;0.00042181952662721675;0.00372292899408284;0.0021309171597633093;0.0020920118343195305;0.0016024408284023677;0.0019051775147928922;0.000732322485207101;0.0018076923076923092;0.0;0.0032761094674556217;0.0026412721893491146;0.0017263313609467519;0.0020829142011834388;0.0022074704142011833;0.002741642011834325;0.0009520710059171541;0.002196079881656807;0.0017030325443786974;0.0;0.0;0.0;0.0015140532544378749;0.0021887573964497063;0.002224112426035507;0.000909319526627219;0.0027525887573964505;0.0024804733727810564;0.002956139053254442;0.0035430473372781135;0.003262795857988163;0.0027855769230769297;0.005366937869822489;0.00498224852071006;0.006224630177514799;0.0028680473372781033;0.003713683431952657;0.0030429733727810773;0.0034640532544378657;0.003231730769230773;0.00969423076923077;0.0025094674556213033;0.0026026627218934993;0.0036712278106508954;0.0027522928994082874;0.003239053254437878;0.002655399408284033;0.0;0.00040088757396449854;0.0025926035502958525;0.00383742603550296;0.0028348372781065107;0.00271612426035503;0.0025729289940828372;0.0025093195266272213;0.0028982248520710145;0.002662204142011826;0.0036364644970414144;0.0024963017751479274;0.0019682692307692257;0.0034774408284023737;0.0022543639053254445
Utile Netto;PermutationExplainer;MLPClassifier;6.4623539457932065e-09;0.20383369185088301;0.015091556795744823;0.04837797422469435;0.03409395848445527;0.12459125025506065;0.13843411527680502;1.4726007906056268e-05;0.00012019011046965605;0.00039428475497760057;0.0002537144794612077;0.00014979203272228028;0.0032947292213062742;0.05267378276306201;0.029700290217560574;0.04471848901318646;0.017005718090679335;0.08215841246969145;0.02581856921693655;0.038167025653338404;0.05028017252070025;0.02523418960227384;0.20000018964786648;0.04906597298274033;0.047805895302934845;0.097691765356296;0.028615601205956815;0.019036291010099585;0.031173578794897495;0.007327666013730969;0.027030006229269307;0.010130994851111129;0.019278040364665853;0.01549860783116946;0.1275354648773978;0.02459271718675129;0.04873379481762713;0.05820207799705052;0.0017405314304601812;0.09096976671017092;0.07818312093163028;0.03655147791145471;0.0422772632444369;0.03361327226090549;0.030587824772854606;0.010612378372043402;0.005442047214190241;0.004544646133364232;0.03329692754724483;0.007052272570134526;0.009946681754136115;0.00977486671969939;0.0;0.0;0.011590495036750218;0.0;0.03209981883340008;0.014421284787193397;0.018391372922591496;0.02406954175658069;0.005199205068908631;0.0024494132128977317;0.08550081299567297;0.02603871406370493;0.015372093384349729;0.012130220531048234;0.01811834025275352;0.0;0.0;0.004057255628570307;0.011890564138667648;0.030686705436721775;0.01931265437878013;0.028503024351078647;0.010790221012337032;0.006089243567124761;0.030111499269520666;0.0;0.01647501421333137;0.0487097149383604;0.014716340389823227;0.01811968531592179;0.00382352383174951;0.0259858195801687;0.00395826186849287;0.01076937832130569;0.005945846247884413;0.0;0.0;0.0;0.01385597994743598;0.008033457847541876;0.01661184530493631;0.0049145777221161835;0.02776345612293666;0.02409002855232096;0.023500404746043705;0.0002283544090967106;0.00035201873591607347;6.737789003959712e-05;0.00024283931153724743;0.0003011956286481734;3.5915967776621446e-05;0.0001601570436092469;0.0002238266198544155;0.00013361970688789094;7.320878230993489e-05;0.00022036372633844762;2.8865607480983068e-05;3.561975186850847e-05;1.726041467501358e-05;0.0009727940143180872;0.0003740822560086616;0.0008133777570162168;0.0008041732260188421;0.0;4.683812654562402e-07;2.3537563212335542e-05;1.9110870357445154e-05;5.3794963188223936e-05;0.0001526719722276725;0.0004789553648122929;0.0010092083394237941;0.00027743429264565946;0.004253751719963665;6.414885101086269e-05;0.00017063326803530213;0.00043273666653330953;0.001893943835955517;0.006130939224644043
Utile Netto;TreeExplainer;GradientBoostingClassifier;0.1698786974883565;0.0;0.008713217628407814;0.06908147642899017;0.009332581379645145;0.015193517126871661;0.0048229749659786545;0.00793743459634405;0.011333817277561293;0.023924768851157834;0.005415601665280212;0.007658806258273058;0.0040000599481242625;0.0005151312053496709;0.041373829222187256;0.0018544133886938205;0.0;0.006232424177994298;0.009208639029503817;0.006387270133674208;0.0018673164635432293;0.03238388236278139;0.0;5.9617433106911645e-05;0.00539214945850552;0.018447623264795494;0.009221684859989388;0.00026071130752681164;0.008689710984121518;6.931406913588729e-05;0.015055604975760181;0.01365480370524566;0.008224495100417908;0.0064345283290183726;0.007433316576095331;0.006294353021824479;0.004730810645446057;0.07383053810646248;0.014072432621211859;0.0012697042708863901;0.006811315011652434;0.00011059507854376362;0.006162003631371506;0.010423052946908167;0.005444603481965373;0.08143721283105942;0.006703392348062637;0.027259478370207643;0.005397463753650665;0.03930190515903956;0.01470585767911666;0.04834343404532037;0.0;0.0;0.015558608130173096;0.0;0.0017912621479260753;0.0024264548627573337;0.038454746800977685;0.03149604957922623;0.019765903041113867;0.002424534950204786;0.0044458303998387546;4.939506487372781e-05;0.008345571862059104;0.0015737955301758902;0.006753525866918376;0.0;0.0;0.00272088305231675;0.06613442492258216;0.00011684007467993827;0.001745996145765527;0.0063553904610293465;0.005855682843229223;0.0;0.007851122722543102;0.0;0.05444211077087767;0.005969260586405022;0.006414055039493873;0.003988276832021661;0.015487932460194235;0.01270985387874466;0.0005479987361640417;0.003728888561423718;0.018727448078638742;0.0;0.0;0.0;0.004975692305601875;0.0007054766361945065;0.002745981195551617;0.0022221669344302275;0.017271593996811142;0.01595213459872455;0.0141578051091817;0.048422817970819515;0.01607698656701094;0.010091884413980798;0.06287571611891986;0.02450706150953467;0.060496861695100185;0.006422768500236879;0.011736724297970687;0.016643120327371457;0.008768556181866885;0.01320187464363094;0.10650605634014063;0.014848873878847386;0.0063487429385073735;0.02969315127696204;0.004164867239257258;0.024103179407363718;0.009821115747208068;0.0;0.00359187012317413;0.009531913793851434;0.02277752555270039;0.0053610594589719295;0.014622642476872338;0.012952506523562985;0.011112951848557451;0.00536233151126508;0.004226078898473898;0.03507844305032734;0.0021819156235547144;0.0013808939874873439;0.015664649360641342;0.010016683191840894
Utile Netto;TreeExplainer;RandomForestClassifier;0.00871765116777227;0.0019359596248888983;0.002323177148825714;0.00641278121663095;0.002988697875287723;0.0021322932118010562;0.0015286581604811527;0.0028676591318291702;0.002138750599452265;0.0031691279413952576;0.002506563504222848;0.0029538149257983203;0.0018903951334196577;0.0022099476920756787;0.004232302933353292;0.001948495274087287;0.0022900051693999324;0.0023670403993713974;0.0024325288735061357;0.0028187591807239108;0.0030585168874858615;0.0029900920900339852;0.001747947274024124;0.001542840571684785;0.002917264934373724;0.0021631699588745322;0.002011254434122228;0.002644315730801649;0.003248010803944223;0.0038442876572707665;0.0030269621982348433;0.0027573984598639;0.002635140910303919;0.0034037685677492965;0.0021786445561678895;0.0020150435096123807;0.0023878687341360384;0.009216230378637792;0.0018711024641125376;0.0023074140620424214;0.002231610187585863;0.00205759627559166;0.0018219534892433217;0.0019199904375656373;0.002331896928665429;0.009122105309456495;0.002412634916060316;0.007915856787394815;0.003651905812380285;0.004809603237048592;0.002767545498204167;0.0046902118528602535;0.0;0.0;0.005366304147313367;0.0;0.0017801736673925216;0.002511271502366847;0.003906444695484654;0.002384385272710981;0.0022053603813712466;0.0007929233927157382;0.0036992435639917674;0.0018074982228602281;0.002282234720093478;0.0019226481917634188;0.0018654957800846607;0.0;0.0;0.0004578136799835159;0.0039963911095531384;0.0016885319434703232;0.0018657882468942897;0.0015311939997277547;0.0019395554409569007;0.0007234822386581438;0.0016789188431333495;0.0;0.003495494968309794;0.0025318289865841953;0.0015066931720802467;0.0018381403654214863;0.0021651873152455574;0.0022725749723726658;0.0009465137245415086;0.0018610159909337135;0.0017264009007344815;0.0;0.0;0.0;0.0013385263650623812;0.0017449886018843044;0.0018301476277189405;0.00079216589045011;0.003077568342964103;0.0023502345668026544;0.00294530476338469;0.003301037848426617;0.003351147858210987;0.0026575472969478813;0.004620333286915112;0.004662297562013641;0.006164540692811889;0.0024903080760197366;0.003864972126916711;0.0027547880373394087;0.0030926769883737578;0.002764243754856538;0.01285745730292528;0.002371577954371576;0.0022375966435983032;0.0035697784216698683;0.0026032890074366988;0.0034247490364979335;0.002412494996935561;0.0;0.0004742365466924822;0.002723192067471493;0.0035924814989834243;0.002678991137910282;0.0028604587565729455;0.002515965180084707;0.0022898861541614905;0.0025924032271440033;0.0025114865877474764;0.0034986474182760346;0.0022442690159748284;0.0017948286716528289;0.003549468698486657;0.002114496328445099