label;explainer;model;Tasso di cambio con la valuta originale;Totale valore della produzione;Utile/Perdita prima delle imposte;Utile/perdita di esercizio [utile netto];Flusso finanziario;Totale Attivo;Patrimonio netto;Indice di disponibilità;Margine di profitto;Redditività del capitale proprio (ROE) - Lordo;Rendimento del capitale investito (ROCE) - Lordo;Coefficiente di solvibilità (sulla base del patrimonio);Numero dipendenti;Immobilizzazioni;Immobilizzazioni immateriali;Immobilizzazioni materiali;Altre immobilizzazioni;Attività correnti;Rimanenze;Crediti verso clienti;Altro (Attivo circolante);Disponibilità liquide e mezzi equivalenti;Totale Attivo  .;Patrimonio netto  .;Capitale sociale;Riserve e altri fondi;Passività non correnti;Indebitamento a lungo termine;Altre passività non correnti;Fondi per rischi e oneri;Passività correnti;Debiti;Debiti vs Fornitori;Altre passività correnti;Totale passivo;Capitale circolante;Capitale circolante netto;Valore d'impresa (enterprise value);Numero dipendenti.;Totale valore della produzione  .;Ricavi vendite e prestazioni;Costo del venduto;Margine sui consumi;Oneri diversi di gestione;Risultato operativo [EBIT];Proventi/oneri finanziari;Proventi finanziari;Oneri finanziari;Utile/Perdita prima delle imposte  .;Totale imposte;Utile/Perdita al netto delle imposte;Totale proventi/oneri straordinari e di altra natura;Proventi straordinari e di altra natura;Oneri straordinari e di altra natura;Utile/perdita di esercizio [utile netto]  .;Ricavi dalle esportazioni;Costi per materie prime;Costo del personale;Ammortamenti e svalutazioni;Altre voci reddituali operative;Interessi corrisposti;Costi per ricerca e sviluppo;Flusso finanziario  .;Valore aggiunto;EBITDA;Utile netto;Ammortamenti;Svalutazioni;Ammortamenti/Svalutazioni;Ammortamento immobiliz. immateriali;Ammortamento costi di acquisizione;Ammortamenti  .;Imposte differite;Variazioni contabili;Attività cessate;Voce straordinaria;Voci non ricorrenti;Ricerca e sviluppo;Utile/perdita da partecipazioni;Altre voci non monetarie;Voci non monetarie;Incassi in denaro;Pagamenti in denaro;Crediti verso clienti  .;Rimanenze  .;Risconti attivi;Altre attività;Debiti  .;Ratei passivi;Debiti/Ratei;Debiti tributari;Altre passività;Altre attività e passività nette;Altri flussi finanziari da att. Operativa;Variazioni del Capitale circolante;Totale flusso finanziario da att. operativa;Acquisto di Immobilizzazioni;Acquisto di Immobilizzazioni immateriali;Costi di sviluppo del software;Spese per capitale (capex);Acquisizione di attività;Cessione di attività;Vendita di Immobilizzazioni;Cessione/scadenza di attività finanziarie;Attività finanziarie nette;Acquisto di partecipazioni;Vendita di immobilizzazioni immateriali;Immobilizzazioni immateriali nette;Altri flussi finanziari da attività d'investimento;Altre voci di flussi finanziari da att. d'investimento, Totale;Totale flusso finanziario da att. d'investimento;Altri flussi finanziari da attività di finanziamento;Voci di flusso finanziario da attività di finanziamento;Dividendi corrisposti - Az. Ordinarie;Dividendi corrisposti - Az. Privilegiate;Totale dividendi corrisposti;Vendita/Emissione di Azioni ordinarie;Riacquisto/Ritiro di Azioni ordinarie;Azioni ordinarie nette;Vendita/Emissione di Azioni privilegiate;Riacquisto/Ritiro di Azioni privilegiate;Azioni privilegiate nette;Vendita/Emissione di Azioni ordinarie/privilegiate;Riacquisto/Ritiro di Azioni ordinarie/privilegiate;Opzioni esercitate;Warrant convertiti;Azioni proprie;Emissione (ritiro) di azioni, nette;Obbligazioni a breve termine emesse;Riduzione dell'indebitamento a breve termine;Obbligazioni a breve termine nette;Obbligazioni a lungo termine emesse;Riduzione dell'indebitamento a lungo termine;Obbligazioni a lungo termine nette;Totale obbligazioni emesse;Totale riduzione dell'indebitamento;Emissione (ritiro) di obbligazioni nette;Totale flusso finanziario da att. di finanziamento;Effetto variazione cambi;Variazioni nette disponibilità liquide;Saldo iniziale delle disponibilità liquide;Saldo finale delle disponibilità liquide;Ammortamento, voce supplementare;Interessi corrisposti in denaro, voce supplementare;Imposte versate in denaro, voce supplementare;Redditività del capitale proprio (ROE) - Lordo.;Rendimento del capitale investito (ROCE) - Lordo.;Redditività del totale Attivo (ROA) - Lordo;Redditività del capitale proprio (ROE) - Netto;Rendimento del capitale investito (ROCE) - Netto;Redditività del totale Attivo (ROA) - Netto;Margine di profitto.;Margine lordo;Margine EBITDA;Margine EBIT;Flusso finanziario / Ricavi di gestione;Enterprise value / EBITDA;Cap. di Mercato / Flusso finanziario da attività operativa;Rotazione netta dell'attivo;Copertura degli interessi;Rotazione delle scorte;Tempi di incasso;Tempi di pagamento;Ricavi da esportazioni / Ricavi di gestione;Costi di ricerca e sviluppo / Ricavi di gestione;Indice di disponibilità.;Indice di liquidità;Indice di liquidità degli azionisti;Coefficiente di solvibilità (sulla base del patrimonio).;Coefficiente di solvibilità (sulla base della liquidità);Indice di leva (gearing);Ricavi pro-capite;Ricavi di gestione pro-capite;Costo lavoro/ Ricavi di gestione;Costo lavoro pro-capite;Patrimonio netto per dipendente;Capitale circolante per dipendente;Totale attività per dipendente
ROE;KernelExplainer;GradientBoostingClassifier;0.0;0.005987209604127201;0.000182274404528029;0.0002534082149165146;0.00016999310705456715;0.00022067085480554345;0.0047945939182032615;0.0002600882935882438;0.00017271079547959885;0.005046382287192809;0.00017326415341621396;0.0023074244411638457;0.00022693738061987633;0.00018220474757194358;0.000222341185654186;0.00014399023139234423;0.00026045009556269807;0.0002601323408674454;0.00020389850972076846;0.0001518288442004492;0.0001881097797931435;0.00021392243404286024;0.00018473794435916235;0.002541385687023315;0.0005332731647574174;0.00022491649973403847;0.0006310375854298206;0.00016639055959330164;0.00023719125310323662;0.00023028514163188894;0.0002576378994885472;0.00032374940658525805;0.00014410077495863134;0.00023385266808684582;0.0001846053066347516;0.0002095157056189123;0.00024888584779675794;0.0016542564386601655;0.00019017189610909027;0.0022900034716662825;0.00025730998512313996;0.0001783962294812354;0.00015962307622912687;0.0001809487208091184;0.000501002213659484;0.002048017148423045;0.00013585139241813644;0.0034133151978922296;0.00019343783692397608;0.004412400694614132;0.000321182676911883;0.0030750044051315907;0.0;0.0;0.0002117533407277195;0.0;0.0;0.0005593926116510331;0.00014484577804068987;0.0003106229559696747;0.00014470311759787465;0.0004717076685454244;0.0002370983520851584;0.0004894639759893939;0.0010762715665319808;0.0004598933002280033;0.0001751396617150111;0.0;0.000157647385204809;0.0001711992234686551;0.0;0.00012736619925396954;0.0003510234419017666;0.00021641909331630643;0.00039908172597230557;0.00018533922998373623;0.016043993263849476;0.00023110184416369207;0.0001714750824822357;0.00023167046239767325;0.0;0.0;0.0;0.008686131183320633;0.0004618302564193175;0.0002124951397767958;0.0002418671660395826;0.0002286953344291146;0.0030130107179147532;0.00022931732382283268;0.0005471042004454955;0.00021813643467458272;0.0002092328315406;9.93461939262982e-05;0.003662774190501558;0.004604494195932729;0.00022606071952957507;0.0002230092763879171;0.00023518821164997394;0.00021354353218415605;0.00020518524782281618;0.000220574420389025;0.00017498271500225517;0.00022842462921352234;0.00018587584786371303;0.00018418865770735752;0.00024364596445944895;0.00018784888570586914;0.00019690052408666078;0.00017159617082042865;0.00021897349799441954;0.00020353348555872934;0.00026230132823140467;0.001957147823792443;0.00020877614622683512;0.0002924421229104289;0.0007011951235880371;0.00023307264584267068;0.00019261557159536694;0.0007042884532545815;0.0001394194113462079;0.00013720415874775166;1.5142281350321813e-06;0.00020801440658962193;0.0002169839616086215;0.00022998029572378272;0.0;0.00035785238737803766;0.00015058170873758072;0.0001316129289827504;0.00018917218100756588;0.000253507913102911;0.0001626871962747732;0.0001542493486201216;0.00020705295171665483;0.00018177977856892965;0.0002470921899609853;0.005444054233721648;0.0008557222481947923;0.00042233157798250796;0.00023005233952354113;0.0002512783270953773;0.00014462083548612512;0.00021627039266228736;0.00022203499873461272;0.0026644714159893583;0.0005048297018494498;0.000798541742214565;0.1394576573009169;0.0002639196420996955;0.0011179852059712892;0.000162172200158563;0.00018982867683349177;0.000768714301593689;0.00023933476171712772;0.004953770056487095;0.023951920805530713;0.000686738073864065;0.0035075466978557153;0.0001855116809474308;0.000259626267755557;0.00041415292839093877;0.00017230909784856594;0.0;0.00014277650190573857;0.00016269166377258208;0.00038008935137947414;0.0019040364475592603;0.0005777649599659539;0.000200327686168412;0.00020663606928875947;0.0001685347146367626;0.00028170126508467836;0.0003985691366182908;0.00025107530238992697;0.00016030691699281876;0.0002090211682077916;0.0002686781688516362
ROE;KernelExplainer;RandomForestClassifier;0.0;0.0009902409306235932;0.0006463391577374208;0.008740332180306797;0.000515764440460822;0.0005749999981633244;0.004357091983158041;0.0004123850799231008;0.0005709915478946563;0.001535706796712818;0.000304567923656418;0.0023714390308449415;0.00037583651557249507;0.00046435858111985076;0.00038717011681206604;0.00027331292799001404;0.0003678373881685055;0.0004597460511418379;0.0003595318459234861;0.00046540892154208076;0.0004726839353294673;0.0003913294078927454;0.00046959386529205635;0.002932274875206252;0.0003369886129794048;0.0014515242780213623;0.0004307611830641753;0.0003196097513997456;0.0004146898552787493;0.0002666572977494315;0.0008549047021598614;0.00033925240903000763;0.0004716974205102795;0.000746184036356002;0.00027863042451180904;0.0003318839385693065;0.0004171941584012317;0.0010599446175118016;0.0005285414205677865;0.0008618418408338714;0.0005480376307391796;0.0004557798741530227;0.000688933282488965;0.0004647405525173805;0.0006154221979346428;0.001443455132753272;0.0002981439636260374;0.0010165157175515422;0.0005762059081150338;0.0009017601746162319;0.0006942058647664079;0.0008438794854460876;0.0;0.0;0.00732310560112137;0.0;0.0;0.00036706083424650917;0.00034572207525651236;0.0005911943619526034;0.0003556672780095822;0.00033329915537513063;0.0005539004798216092;0.0004217527148715987;0.0007781328162037626;0.002743320554220298;0.00036125538457025514;0.0;0.000430538990573306;0.00023868273915255371;0.00031786948107938876;0.00028989505247889154;0.0005122556856503497;0.00028111918544603085;0.00022985532025561757;0.0002725624063811278;0.00404024506056376;0.0002742507432632828;0.00020626652170274728;0.00029473241668439936;0.0;0.0;0.0;0.000683619161911954;0.0003151902232524463;0.0002480103026942403;0.0002360884551099709;0.00038857573458268786;0.0007867295449689515;0.0003560709550392209;0.000305900694639727;0.0003447011327983205;0.0002959407810225329;0.00023011855886065436;0.0006291667502676718;0.0009387313271149624;0.00040225014374590206;0.0002676420197580765;0.00026777702122384394;0.00032819129824525524;0.00017819779918477118;0.0002180355902218537;0.0002506626167873032;0.00029556722582933597;0.00023128649692272203;0.0002812692177370898;0.00022221381049212043;0.0;0.00022950279752305657;0.0003743429602079998;0.0003096762920157287;0.0003802646050966439;0.00027312597458377364;0.00032892773729032863;0.00024464502145929033;0.0003318392826028634;0.0003846327779919502;0.00028645158107010605;0.0003449592440826195;0.0003194308779955131;0.00022069027355255355;0.00027152904067715886;0.0;0.0;0.0002463738465614356;0.00014157667248976594;0.0;0.0003746213642038331;0.0001980290671895406;0.0003086134359813378;0.0002730405609474237;0.00030401212540279344;0.0003031197299539777;0.00028038334566831276;0.00023221238121539408;0.00022143554615188424;0.0002530004919548471;0.0004887173152569108;0.00046199237682012506;0.0003396538682197422;0.0003763396177430548;0.00039207734935650483;0.000308340269588624;0.00025473375254615586;0.00020085911521367124;0.0015495430706707882;0.0003652610796024305;0.0005049895037240781;0.03476942362006998;0.0055834217552444484;0.014695143238617089;0.0005921079653157497;0.0003310085184274973;0.00036970737171565195;0.00037844636857441855;0.0027296121915916438;0.00377885060591022;0.0008001778784634646;0.00044385182742992003;0.0003800193365130451;0.0003091407499113654;0.0003388756188268057;0.00035479351849527856;0.0;0.0003399354399171053;0.0004567105744267168;0.0004035578123283053;0.0037661764546158766;0.00315376720991786;0.00041715481897039116;0.0003675995220228415;0.0005258590499840864;0.00033327290989621086;0.0003742902584884302;0.00027597556965998853;0.00037187892814024377;0.0003855688136425508;0.00043277560820044366
ROE;KernelExplainer;MLPClassifier;0.0;0.07343167651259237;0.014781205211011568;0.0370285936189323;0.00840529831879375;0.10425138510617141;0.004357751165801948;0.0018951025042605672;0.0017563783364437043;0.0017927156535224025;0.001912507047158239;0.001823584045288136;0.003052300610416667;0.03891569383047481;0.003947193142335962;0.008374013904076362;0.0019857762776904295;0.05307917877383734;0.008774454226794914;0.0072505983694358235;0.012443294323531836;0.0010458912748353487;0.12047766238924772;0.010521917244049044;0.0018371155194789395;0.004393135061903623;0.04351629574343529;0.004950909105774414;0.002297597267576477;0.0018296665856305265;0.0050004487936594205;0.0014159444275557037;0.0023236819138350295;0.002876616569285645;0.11436825617955414;0.002281526080594446;0.00193912870700978;0.0069304182283332115;0.0019842930654125797;0.0912048047146936;0.009381226332450709;0.005927004130461507;0.002476856030222132;0.003707979966169002;0.0017867297015518222;0.0054692202367420855;0.002377596492700238;0.0024062082656678557;0.023423512087817924;0.002038512121823647;0.023478156643169774;0.0015447422342052567;0.0;0.0;0.013682808984766795;0.0;0.0;0.0021134605097660377;0.0018313834095033208;0.002149165784234022;0.0021500322938823014;0.0022624304241123075;0.010498998369500889;0.00241977354313942;0.007532983837025221;0.005986628508068961;0.006985324260007903;0.0;0.0033696563407796254;0.0028694302284653955;0.0;0.002638671277378152;0.0026707144609770155;0.0016453718078234007;0.002382069014081039;0.0018188765326262232;0.0019483029329542703;0.002307214176363587;0.0017349741277746205;0.0018950728485302546;0.0;0.0;0.00015702485853387647;0.002986868508203347;0.002390340535897351;0.0015667831461084174;0.0018835726934977803;0.0019098434178302555;0.0017785333556486005;0.0017414464050827057;0.001779190661626034;0.00202542179559433;0.0017626464644454173;0.002112393096280618;0.0029687261023664782;0.010040764025935579;0.004406239448090845;0.002042835363402754;0.002155187216015977;0.004380111721766826;0.002214568095487192;0.0018726049996146787;0.0016258292553565962;0.001333875904513765;0.0018045625322649205;0.0024086267331299397;0.0015445390984719313;0.002775643738217223;0.0018309328605859443;0.0018886435311468663;0.0051093178995983025;0.0017330349487511517;0.0015787703443465601;0.002769251822211523;0.0017944857432664074;0.00237632165398055;0.0015630722684343511;0.0020059129327098905;0.0014613454763357319;0.0020355041717587475;0.0016168098858255987;0.0013395456905853577;0.001895255096506207;0.0019855922770885327;0.0013569887913034446;0.002286249902738273;0.0;0.0017481616070147334;0.001097066105349078;0.002516834031801037;0.0017105137851268278;0.002237343652775548;0.0022227752245542695;0.0031490000360253007;0.002269163669999761;0.0022340651074147307;0.0026125324384988404;0.0019841896511680556;0.0022398072490013377;0.00175852941981693;0.004822045264612672;0.006346018265524707;0.004095105752872617;0.0015971295577355098;0.0018132610643204305;0.0015738960365461847;0.0017394666793182074;0.001677429527100516;0.0016866262559019636;0.0015072197961769997;0.0018818395434725894;0.0019422094195401486;0.0018221647000321967;0.0014633308809204769;0.0020381286836436423;0.0017165503822771148;0.00222770322034781;0.00184530206266815;0.00205152905336074;0.0018381589912537103;0.0016596613122893966;0.0016302538730449284;0.002255916062202824;0.0;0.00192181943460193;0.001877931007095658;0.001467368329239007;0.0016875508925586983;0.0018345850419764524;0.0016461545971432152;0.001622334166826767;0.0019512423651599903;0.0012129853017608376;0.0018576748094829376;0.0022517221366115795;0.0018089745206138757;0.0020616752617498256;0.0019808654055024555
ROE;PermutationExplainer;GradientBoostingClassifier;0.0;0.012625935598451344;0.0;0.0030858331370266535;0.0;8.519676751886744e-06;0.00840089732797693;0.000937500723563585;7.220913518634725e-05;0.014366798689476285;0.00011171362452888292;0.005189667882982599;0.0009681096469463914;0.0;0.0005865866094143949;9.992450935083414e-06;8.811183202891462e-05;0.0;0.0008625437895935941;0.00018573636149731495;0.0006597429978754289;0.0006652458907370424;1.8426905480225267e-05;0.005046503012814353;0.004064832280257029;0.0008827976384479225;0.0005034058543794863;7.756278866060117e-05;0.000176396645090648;0.0;0.0003184763588689512;0.0001946977521940618;0.0;0.0010454069663766662;1.4443344842670653e-05;0.0;0.0;0.005667713332823218;3.820694769230354e-05;0.007471205937820193;0.001150270616063406;0.0007814132594223106;0.0013665942955824633;1.52163957120899e-05;0.003164781521783196;0.006509563406363568;0.0001494288403297063;0.009782540360642997;0.0;0.009732743325351168;0.0006519848341459903;0.00853960852791039;0.0;0.0;0.0;0.0;0.0;0.003724269839065284;0.0;0.0016175582404052648;0.0;0.004005219948054883;0.0;0.002764479200573327;0.0031325375897856586;0.0035623004835743516;0.0;0.0;0.0;0.0;0.0;0.0;0.002641199502064099;0.0;0.0011146143679046823;0.0;0.024367168215785544;0.0;0.0;0.0003153174920238808;0.0;0.0;0.0;0.01628784580879702;0.0019227690193458417;0.0002414401622549408;0.0;5.910384717827836e-05;0.009022019048841477;0.0011866005545945076;0.001594469542670667;0.0008785644092334022;0.0;5.034328635250498e-05;0.008153716524671858;0.010756728063941534;1.5716108568212583e-05;0.0;0.0;0.0;0.00033485921640614665;1.995163691920808e-05;0.0;0.0005661398292250113;0.0;0.0018388509888024312;0.0;0.0;4.8719156249985524e-05;0.00013060474127982096;0.0015654385683480162;0.0;0.0;0.007076053297995823;0.0002199254930753677;0.00038357765871184507;0.004172404332375843;0.002007346104133301;8.192632502360132e-05;0.0039707164194285015;0.0;3.0903484737181356e-05;0.0;0.0;0.0;5.3518079860195325e-05;0.0;0.0015189986104188146;0.0;0.0;0.0;0.0006421265360315237;0.00014802624229888294;6.6259852846556e-05;0.0;0.0;0.00023144321684852672;0.012026535849061845;0.0025653388585304008;0.0025556962124491426;0.0010763066829647771;0.0009653521265294054;0.0;0.0005062147667586327;0.000804448770586673;0.009978409758001421;0.003250315939218481;0.0038769744159153205;0.15274184166338234;0.0026208534372538757;0.0074876497700187335;0.0;0.0;0.00512785046920617;0.0006720025105885798;0.014320557380060113;0.032051081292443495;0.003913412146756896;0.009254272512011046;0.000768259298557808;0.0010989067803778702;0.00204557046281548;7.860410068682144e-07;0.0;0.00030667394341112194;4.5752300294918214e-06;0.0015756009452980832;0.004526739604402651;0.003327837420174331;0.0;0.00016387316047137293;0.0003267990444973728;0.001520864406229691;0.0009843666315317967;0.0009507092489746139;0.0;0.0;0.0012447138434770126
ROE;PermutationExplainer;RandomForestClassifier;0.0;0.004635217408575331;0.003710666393696417;0.013506816260470652;0.0029138628650467774;0.0028898795671588305;0.008537005037726942;0.0019644411443564404;0.0032429824749030303;0.005973146745950247;0.002903942902366278;0.005045209178726261;0.0023469789833284425;0.0026914391031908924;0.00259966445031127;0.0022293031925295897;0.0022039401930347797;0.0028527041267396762;0.0024256531322316634;0.003013325307193378;0.0024761612948567503;0.002471969225660834;0.003078797372559561;0.006494227718294711;0.002203908679231446;0.0042358327731332;0.002509775471790358;0.00245825125892246;0.002196123109579214;0.0011291391557478611;0.004093289036781714;0.0020037726320850063;0.0029710467390241485;0.004089727437176107;0.002058157573090836;0.0017051000211857502;0.002184602767184892;0.0045855172276816365;0.002679219376405599;0.0041248076170920175;0.0036978789906619725;0.003263940427300283;0.0032557231470617034;0.0032553142620840286;0.003603944083879279;0.005522887352922;0.0014589075486457395;0.004041593911948757;0.003327664912731006;0.004114404914686621;0.0033019652838890503;0.0029701497058440105;0.0;0.0;0.011048511538085467;0.0;0.0;0.0016028352644959388;0.0027011166927414397;0.003272077833186671;0.002168391064502458;0.0015753144861640723;0.0036113881759069085;0.002078042070010756;0.0037229044441185193;0.0072441523662853165;0.0024746679133665866;0.0;0.002564286946725987;0.0005491029871907704;0.0;0.0005599904256706122;0.00253961386933282;0.0;0.0003178176029138564;4.451146475017149e-06;0.00924976041768525;6.152849075975573e-05;0.000802557079299893;0.0019002792241126418;0.0;0.0;2.5667351129360622e-08;0.003142196239121934;0.0017766548209804127;0.0015636921262344784;0.0014843480798376878;0.001832082324973114;0.003067628010821026;0.0013988836230077201;0.0008172521470942969;0.00195357148968417;0.001060972150924024;0.0005342602302728066;0.003242817022342825;0.004383409877041173;0.0022886244540595126;0.0006038083015547078;0.0003183746149897331;0.0021620042534467605;0.0012342081011049234;0.0006688223574850879;0.001350865814755061;0.0011089355993937609;0.0003998912804341464;0.0012261220095498835;7.714322381930256e-06;2.7115417522245287e-05;0.0014843529077442077;0.001969249667954111;0.00210251481983965;0.0015837346607020667;0.001703496809914932;0.001849639852433098;0.000220299330204363;0.0014095301652488504;0.0015489618167595551;0.0018015132431309319;0.0019331673205729896;0.0021522204703236588;8.731721179231575e-05;0.0003088782756429062;8.927960301163458e-06;3.387705338808989e-05;0.0011897661215410239;0.0001949997861054069;0.0;0.0021620292281868173;0.0005741757113523039;0.0004593844419184511;0.0009679025088817198;0.0016867399713992321;0.001870747836608972;0.0017962729070923338;0.00021464212378997138;0.0002437263799256894;0.0018493320071868609;0.0034235491326064984;0.001508379565121733;0.0020885360442945105;0.0021471881111274006;0.002221877872298818;0.0020544215475375677;0.0020284354832795595;0.0021593483548450186;0.00617565621842507;0.0032506257333528867;0.0037186080656595286;0.03684042397982464;0.010613892708435173;0.01884957633592449;0.0035937832453309822;0.0018710782120856587;0.0023189059902708506;0.0032346383449854965;0.0063941512153287165;0.00725001744768749;0.003952124278869663;0.0029171226593820375;0.0028965800495420685;0.001977109122909948;0.0020368454723607415;0.0019871824785697998;0.0;0.0016525471586649708;0.00195933646841693;0.002157854189074671;0.006736655880267926;0.006617971769987928;0.0019051590459078869;0.002220894751637822;0.002654129978651283;0.0015826927597698906;0.001181448310843839;0.0012331711604902063;0.0020246636354747214;0.0015492237765229286;0.0018468944236661152
ROE;PermutationExplainer;MLPClassifier;0.0;0.15897560861174284;0.06157241439235622;0.09062785810691038;0.054420113096349934;0.21710010992528586;0.03214776629872533;2.845337112833179e-06;0.00013837850340348332;0.0012623705823872784;0.0001593674133687027;5.444693601947965e-05;0.0038815425349723216;0.12563112503459495;0.022390094334381352;0.03997846496899151;0.013405554728379543;0.14836819717784802;0.03279856985992299;0.03911400348776831;0.0478688783826071;0.006836129075255223;0.22159825924769944;0.05553282145391764;0.002982680440256813;0.02900428384892325;0.11416039511068952;0.034563599132094475;0.020953107079564073;0.004166653757253385;0.04270138705342495;0.0030909009653129842;0.01330933828791011;0.015764811147759454;0.21436576900085705;0.010456178372450614;0.01366587878030744;0.04140380167429655;0.0022223735996978675;0.17952210413670702;0.04788154054742976;0.03039607933558366;0.01955344830729256;0.02739257346750563;0.00970745755844614;0.027383928543360858;0.003247293992908762;0.003737692643261349;0.08076112351369644;0.015849451301242466;0.08453801536271441;0.0020842656884319604;0.0;0.0;0.04893703228560445;0.0;0.0;0.011267449029056045;0.007862720184575622;0.013136863308848345;0.0016107663036606888;0.010489330120761408;0.055148399376313564;0.01159499399681733;0.044802479697265814;0.03388058292050137;0.042247148549098515;0.0;0.02409352973803417;0.009296757972963272;0.0;0.005569993149329623;0.009635401526549521;0.0;0.001766238654042315;1.0266940451745359e-05;0.006562609878902933;3.080101591812903e-05;0.0013761650295348335;0.0076743156460724925;0.0;3.331884291164783e-05;0.00032340862422997947;0.013923378166963483;0.007558927676054655;0.0014380795055253164;0.0022009320170750892;0.002067032044820667;0.006513690728914448;0.0012106587768560824;0.0005866323568211694;0.002445058277195077;0.0008003270329046469;0.0004849754891397307;0.010164531817257271;0.05767612684184814;0.029597217836877018;0.004439595530263857;0.0009269885758914346;0.02817339097070058;0.003181404377193199;0.0025852049392993577;0.0027733944576227164;0.004588015324608515;0.0003523764036373144;0.007972514324824605;4.6201232032854194e-05;0.0008449493262527051;0.0012292951823062192;0.007651889096508454;0.026223115294058734;0.003961075462302565;0.0018271275397517019;0.011361822567152622;8.640604943955478e-05;0.013317015949787282;0.0015012410479799967;0.006423114018072498;0.006982597968211438;0.0040115775436046115;0.00012408034771948032;0.0004800211182567423;8.721627105661024e-05;2.053388090349078e-05;0.0029291532299952332;0.00035317578414943734;0.0;0.005640667393477295;0.0017997149858298496;0.003410673788945805;0.001707843050386944;0.010827380995048111;0.008758487194001371;0.005718868156155502;0.0019436576941243432;0.0020031221586273725;0.010281524073272255;0.00970554357302414;0.008220753757112993;0.004533483726864912;0.035355900489507444;0.03358369143602819;0.028913657978438086;0.0019427939706194587;0.0028806800335408654;0.001288695109829526;0.0001527178165014191;0.00017350408481772516;0.0014350318997565972;0.00022241466310360608;0.0002885238115542709;0.00016007461026840445;6.463011017446468e-06;1.860525913080765e-05;5.6937660229094866e-05;7.38893612403302e-05;3.760817976965072e-05;3.082715997441423e-05;8.727309158583792e-06;0.00023532932090822834;5.176356461811523e-05;5.2976695860213366e-05;8.177521829106618e-06;0.0;2.891376073039193e-06;4.541524387461627e-06;4.751216565899239e-06;2.4215281336538106e-05;5.20456854164031e-05;1.322235792107776e-05;0.00031164756559913195;0.001370635314560704;0.0007982424922735056;5.414442723934986e-06;4.2062207055894855e-05;0.0007973818287211237;0.00016675497707591277;0.001543398819011692
ROE;TreeExplainer;GradientBoostingClassifier;0.0;0.05346878494076271;0.0;0.012045239536810557;0.0;8.505983292132582e-05;0.05395205876810426;0.004618011707008447;0.0008338584341898732;0.03580111229656193;0.0006377576127708139;0.03204552728804195;0.004792034865036689;0.0;0.003693300725368013;0.00026815727327953874;0.00034798723879010527;0.0;0.0030207646104639025;0.00027331680585031065;0.002334832630076817;0.0021403748955036933;0.0010038964751907038;0.030767185445479846;0.01579023857529232;0.0050940708808569395;0.002524215331537242;0.000925559567094501;0.00026635478817086744;0.0;0.0016443285696054247;0.0006691375049444168;0.0;0.005655243609952979;0.00044617981516014126;0.0;0.0;0.023281327185388834;0.0003488837928936167;0.03163982652348512;0.00574334084859254;0.0043623414388004695;0.0035119790100172025;0.00014023309075579315;0.010956130223867292;0.030668681715671595;0.000989369658979807;0.03269580467202128;0.0;0.04204664477306383;0.002860810443282787;0.04300563871116973;0.0;0.0;0.0;0.0;0.0;0.015454178812217815;0.0;0.0054232462850314425;0.0;0.01880665934444701;0.0;0.0116869273527444;0.014422378500866764;0.010015254231306264;0.0;0.0;0.0;0.0;0.0;0.0;0.012848146714124356;0.0;0.006532455302739154;0.0;0.11850553327028336;0.0;0.0;0.0013069016416412324;0.0;0.0;0.0;0.07233776504658633;0.015961705366413195;0.0009231854917910333;0.0;0.00031462596642668864;0.03851001591101666;0.005869476626112643;0.00810581435083768;0.002922152721826895;0.0;0.00033277770677861624;0.05063026593864692;0.04505391501653231;4.4535783901494735e-05;0.0;0.0;0.0;0.0012663947952005318;0.00021065339448614822;0.0;0.0025486483701901313;0.0;0.007601530117125488;0.0;0.0;0.0002685427623051563;0.0005080439622517804;0.006947479385921169;0.0;0.0;0.0351777054381115;0.0004229316821077085;0.001464337809260383;0.014662404771074595;0.008756810975499445;0.0008257194617860698;0.013664043772882835;0.0;0.0002715330505641849;0.0;0.0;0.0;0.00028189163830571784;0.0;0.005908020195104669;0.0;0.0;0.0;0.0021349141865521014;0.0008084797634219801;0.0002875144983356252;0.0;0.0;0.0011384228373182619;0.06252868081321619;0.02480957430463083;0.012427065942489122;0.004243566473271926;0.004542834842668858;0.0;0.0017772401431622375;0.00354791870133416;0.027097844632738437;0.013626954167588325;0.01048303705880548;0.5995874126612055;0.012496992114297958;0.028641752143048812;0.0;0.0;0.014880649863096047;0.0031317783605541816;0.057999900220997255;0.14388233325064403;0.01730387808299482;0.047062469656488075;0.0035132407961986543;0.007168714679521276;0.00971489783122511;4.150978524054479e-05;0.0;0.0014470122347907052;0.00013965074878912278;0.00802733019428389;0.024113089843412955;0.01649966557052203;0.0;0.00047258696350341143;0.0014389042733398824;0.005834789742687058;0.00357738510006979;0.004262575293839123;0.0;0.0;0.006542554975106477
ROE;TreeExplainer;RandomForestClassifier;2.2175017722766956e-06;0.003954826902764575;0.0018523235136289088;0.013038907225345597;0.0019803418838561146;0.001929955581018518;0.006227945269584686;0.0014662545506943297;0.0024154399243132047;0.005479207167991546;0.0016655881874643329;0.003955235091908909;0.0016163804477998779;0.001736925150310808;0.0016470211677216432;0.0012407611308479173;0.0013711554749155175;0.0020776280974563383;0.0018411238722541483;0.0021808747405122893;0.0016894277215167045;0.001702456294242001;0.0022854382996683248;0.004891210906273464;0.0018243258454851829;0.003561248770605757;0.0014555435780802472;0.001499547851218301;0.0012132733515266404;0.0008231689068096752;0.0033031695447148313;0.0013544910572150202;0.002115867846006301;0.003272535097677668;0.0010606521109774165;0.0010815561016016314;0.0015034534457357832;0.0037273440926163287;0.002016947617910854;0.003621530056640797;0.002736445090057691;0.002610748753195736;0.0022432053059807493;0.0022204247460550974;0.0022027801008615167;0.005707349582048837;0.0011046898220096809;0.004314960581852386;0.0023434576359693195;0.0037119905848492798;0.002386372784794607;0.003919704717659845;0.0;0.0;0.010625511725899293;0.0;0.0;0.0012286829206940297;0.0016343675774906478;0.0025285574837714967;0.0013139784801944189;0.0012455649504886114;0.002244496311478503;0.001627145918658148;0.0026758198065529155;0.007479928618353092;0.001396754176190102;0.0;0.0016944167882471264;0.00044558343023426173;2.5230695490941603e-05;0.0004807649314623885;0.00215037354546963;9.548615472818662e-05;0.0007814920460681569;4.932674855518161e-05;0.0118198877361635;8.469888671723063e-05;0.0006841693868132142;0.0014345542151934592;0.0;2.8646361177796575e-06;1.007568200236522e-06;0.003906580491487008;0.0019636528873414683;0.0011855641568401104;0.0010657565928903386;0.0015850082624525065;0.003764363341098169;0.001314307763673827;0.0007197104011888168;0.0016778446787556816;0.0009582993520773535;0.00047674643298540643;0.004683778928533245;0.004227813503782972;0.0014772190095986102;0.00044457014160450257;0.00018399070515618256;0.0014815870245373573;0.0009329954009316332;0.0005116111912461384;0.0010766160212134046;0.000869638205819221;0.0004699489148527684;0.0009954833602198031;3.260769427344506e-05;5.9007125816418115e-05;0.001017764359972658;0.001541569096794999;0.0014391269464231681;0.0011852327965574806;0.001246287643433748;0.0017114901403534727;0.0001853476011318653;0.0011652708991210519;0.0012888179989725415;0.0015532407948332695;0.001462202042112076;0.0016582207565122096;0.00012914210108549501;0.0003511417395153602;5.723041024842047e-05;3.755721782932631e-05;0.0010172343977936668;0.00016023469279269112;2.9875517679072803e-06;0.0016982498774497;0.0003717320532420208;0.00031859909188565244;0.0006870681970303996;0.0012663655372218618;0.0013746429416760858;0.0012127508948393195;0.00030665464260169734;0.00027663635485015206;0.0013448336271041862;0.003263608225484351;0.0021416240610163343;0.0018629543743070487;0.0015027177675360445;0.0014285109907187113;0.0011275050104772582;0.0011781039125934429;0.0013607369724212583;0.0064621666852504416;0.001589656432272103;0.002168279227924044;0.03655680596591294;0.010738786496103662;0.0182221968546527;0.002619396950136742;0.0013074617441524198;0.0015335093305592488;0.0017009530650136332;0.007019517596084856;0.008824877605485044;0.004324853175837276;0.0026476401286720744;0.002166982541913997;0.0014631135450440074;0.0015958997383264447;0.0015548446602973917;0.0;0.0013834491808604684;0.0014363181798145931;0.0017328781958922475;0.005436996571437456;0.005523015698448094;0.001535291424881399;0.001685003502161669;0.0019080935225444101;0.0012035362543723338;0.0008141864972055767;0.0008453000831451754;0.0014162282456068125;0.0011864850399668618;0.0013407817819652943
ROCE;KernelExplainer;GradientBoostingClassifier;0.0;0.0027988939581597;0.00016671744930870145;0.0001770444023081385;0.00019700336870472724;0.00016871650713597779;0.00016490251698501263;0.00024247791178537908;0.00019745551918113352;0.00021541077176923475;0.011134182847222406;0.0001745869138412223;0.00015644270280374217;0.00024471686724788995;0.0001871564144876019;0.00013758331000914245;0.00016151443434585878;0.00016528433387531257;0.00022445183022270292;0.0002448746264001428;0.0002860916401872252;0.00020136936639512538;0.00013286512213793938;0.0002267183538580776;0.0006487312886225314;0.00026337730040117195;0.0002095790145031749;0.00021717823851346562;0.00011532666186892672;0.0001588400187132202;0.00020357375937116317;0.00018585023032675573;0.00022480558261753198;0.00019314475721753446;0.00022483024420899087;0.00021265695605392524;0.00020339085364830167;0.0008152796054791885;0.00020407542031279167;0.0013330984037094424;0.0007860136484222932;0.0001949189101677002;0.00029832360997758284;0.00022062081590402805;0.0007751664144685063;0.00021383163622602897;0.0003301957731136261;0.0022196431374985628;0.00021756346604962754;0.0012412808892206752;0.0001536475406418801;0.001886299137689238;0.0;0.0;0.00021043882452393298;0.0;0.0;0.0004841989162595364;0.0001408222491719466;0.00047802885588738286;0.01448183990002458;0.0001896148599594719;0.00022714428980008557;0.0002178371536746002;0.0006205694723882177;0.0003511832777835699;0.00023037895684411574;0.0;0.0002436425225456183;0.00018195393607269695;0.0;0.0001745130040171453;0.0002698284097842836;0.00023671325379110496;0.00031939335720511;0.00014463759320493678;0.011981908509382444;0.0002550423745172902;0.00020835051832050674;0.00016321477771005807;0.0;0.0;0.0;0.006921964844313636;0.00028977594863526044;0.00015395991926690493;0.0001971847003937273;0.00015836150161393993;0.0011181688191303919;0.000261129974906856;0.00022065169202982923;0.0001624701731723161;0.0001586846937820953;0.00023376630718366986;0.002833904908859362;0.0026790738821199284;0.0002440693107521358;0.0002184500372700747;0.00021839195601987057;0.0002702932762116296;0.00019101287196538418;0.00018119020238098783;0.00019219461113986722;0.00020001029473065064;0.0002561617915351671;0.00021662559400053216;0.00016594157024716624;0.0002399566424610999;0.0002679820421497029;0.0001899066784628039;0.00016837060339915675;0.0002363600994232718;0.00022271101632805022;0.0012424921514545121;0.00016600457672953143;0.00017163199405088872;0.00033668014649935275;0.00029325272167979484;0.00022093634982290315;0.00023792208694134302;0.00011041125214561476;0.000230320645377262;0.0;2.127856169108955e-06;0.00018924340739181596;0.00023031949032955852;0.0;0.00031254611146593254;0.00015933773588111864;0.00019177946956643998;0.00019371633270936234;0.0006497796877702614;0.0002241075034523056;0.00016334766271122942;0.00018816250130887564;0.0002467798748251709;0.00019269314719847985;0.000469952333499535;0.0016544716668477262;0.0006390752867980652;0.0002465585148858463;0.00020131345167672822;0.00015730598867145492;0.000177784930963777;0.0001885209060039641;0.00023702798227784883;0.0010463278480031637;0.004571173015518534;0.00018120343998242517;0.17983691019350867;0.0010699868953100743;0.00020919449371656666;0.00023264190486293858;0.00015021149920526575;0.00035054993127468537;0.005543765283900573;0.017866307458414565;0.0001560786578418984;0.005846110939140148;0.029277589100184718;0.00020026929149335302;0.00022431762043827023;0.00020503404282898473;0.0;0.0002543287405837289;0.00022248017703211767;0.00015343595653224658;0.00023443710537629384;0.000356211117274753;0.00017220597958564796;0.000189549002557061;0.00019250275966761472;0.00020556724970270698;0.0001969573291979994;0.0003432147596278095;0.00022929596515033478;0.00033662059571709787;0.00020631062013458566
ROCE;KernelExplainer;RandomForestClassifier;0.00020346057253992197;0.0006072257811562443;0.00044574661198077135;0.0037393004697527164;0.0007626302081021115;0.0003318666888896062;0.0003277952205425761;0.0003005905003818822;0.0004572666201283882;0.0006527264445938901;0.015064212265133757;0.0003329120423808716;0.0003066354744297306;0.00033559041734682976;0.0003667616520203215;0.0003824370339751713;0.0002919112911828064;0.0005814715697407991;0.0003440790233517085;0.00028119407825683425;0.0004035048251411836;0.00030022625306768905;0.0003220252287901163;0.00030298399063409466;0.0002899049164113675;0.00023689200790024613;0.0004806792487844975;0.0005617458991436014;0.00024310236781528979;0.0002439569111612415;0.00040768427892283693;0.00021879234926120125;0.000261600748813885;0.0004414900696711947;0.00034558342029974623;0.0003518917953189869;0.00044839107335559067;0.0006473392137322985;0.0003576468481901603;0.00046102600194535443;0.00040932462013089355;0.0004507655451415869;0.0004604020990642756;0.00047603644255035866;0.00040493353012729266;0.0004346883956517509;0.0010213063208037226;0.0006321175442685375;0.00042625593621775025;0.0006852105891747992;0.000611343143053891;0.0007347892144037454;0.0;0.0;0.004739423934735735;0.0;0.0;0.00028213164986415264;0.00032866728797481765;0.0004901252682514326;0.017017643836600736;0.00040203058238350156;0.0006412532494568885;0.00020547292351281478;0.00044700201825147536;0.0017449732696737498;0.0003197655644891035;0.0;0.0003407316326955407;0.00026718256830854034;0.00024211137648227815;0.00023498972576050024;0.0004543607491054513;0.00015307416213664214;0.00021612187085948888;0.00019399039615252252;0.0031411693921939462;0.00019950937912400872;0.0002885519016593577;0.0002514925679195349;0.0;0.0;0.0;0.00046471094957349586;0.0005124322615659248;0.0002737956370030102;0.00022416900148908563;0.00027236143606797474;0.00035684791321965076;0.0002792353412352689;0.0001921178129628709;0.0002806049308530227;0.0002891428534618442;0.00013354203205558248;0.0007126604640966825;0.0005618406559518514;0.00028888842411504354;0.00023377929984708123;0.00022630669131569643;0.00036356546846177306;0.00022687292976227854;0.000185010549745543;0.00021164450562191628;0.00024137506005336072;0.00021305480731254083;0.0002981039950523211;0.0;0.00022380743107857837;0.0002046899235884441;0.0003158334629750889;0.00025383590131878436;0.00027541648735817894;0.00017599087804158668;0.00030214238442913033;0.0002764446952481055;0.0003114386435434462;0.0003206292565582571;0.00025859658575429407;0.00036177448939077615;0.0002627234483881038;0.0002444335019120118;0.00020828726253928657;0.000208977170854205;0.00024066782184027058;0.0002917806355058902;0.00019935402603516751;0.0;0.0003165853210196638;0.0002530970247155391;0.00020246067773017787;0.00023618979321582723;0.00046020011522007444;0.00032608592386253654;0.0003547554630244206;0.00014943776791769285;0.00024357335364959208;0.0004130848434837901;0.000269336974762363;0.00042027795723624203;0.0002810059199371166;0.0003070288013359977;0.00029013610259105986;0.00022966423351580115;0.00042207283832158517;0.0002655344738702393;0.0006110799338559066;0.007435626227212975;0.00070481224917946;0.004734241020985031;0.04255887569660454;0.009311152763357382;0.0003384466190292857;0.0003297559447720753;0.00039153856328639797;0.00026437326566122;0.0016226068239556103;0.0019394515506512419;0.0005126690604036711;0.00048827768712753474;0.013075639340774903;0.0002687188721213406;0.0003393727396049286;0.0002904135395412382;0.0;0.00020075016138256267;0.00033060725270261904;0.00030075165788243606;0.0003772745673665061;0.00028928230539008884;0.0002455249418610226;0.00033143785836961304;0.0003930866538655759;0.00022223825709233994;0.00022576047427181272;0.0002046269889005901;0.00033365918502473754;0.00028854389595657563;0.0002525784652949217
ROCE;KernelExplainer;MLPClassifier;0.0;0.07733704347545645;0.0024134506992447053;0.010268358132645514;0.009546973118383748;0.2207976327572817;0.004872711042105638;0.0013068095499844776;0.0013492149399572117;0.0017301339285389818;0.0017831117075005596;0.001100833330488814;0.0011434991945391921;0.07460958824581378;0.0030315061241783835;0.0033658413064989426;0.0011855885169379126;0.036665263732545736;0.0016373105009328227;0.0014923884032958163;0.0031300958159480026;0.001206114507986948;0.09307546878540032;0.029451996340091643;0.008747275145601129;0.10519322518830074;0.028427643269074567;0.0021379603751422323;0.001312479417525331;0.001814659584090616;0.013900451114945577;0.0019079801677020424;0.001872160475762559;0.0017761934498748153;0.042620440047793924;0.0015553905153392843;0.002036626925287377;0.0031016704717784357;0.001944506877193224;0.0800866693670225;0.002483420236500034;0.0031425574832210585;0.0021867308509103877;0.0025064658071077125;0.008676041015613286;0.0033077723692029716;0.0031151840647549397;0.0018072652720762393;0.007903268934689624;0.0011176842774590237;0.009549949659002402;0.0014339468187728288;0.0;0.0;0.002468744731384841;0.0;0.0;0.0014793600831186546;0.0011492353141759131;0.0012464808989838822;0.004265926220874173;0.0013389912049033023;0.016219578228342125;0.0013316685322620127;0.0036082506295475572;0.0029821089247249843;0.0016894536432355317;0.0;0.001698168430462058;0.0014915826123840733;0.0;0.0017528032178958217;0.001153216896031265;0.001558007313923827;0.0011842192728116808;0.0014600835078898676;0.0018935110213799792;0.0016265266885100722;0.0014597118338584194;0.0017135497957544163;0.0;0.001488085349317975;0.001583412785138304;0.0015653898386934757;0.0016734659196009785;0.0016366498655636648;0.0007834264548199953;0.0017106182397540102;0.0014477956700748031;0.0017287646886187343;0.0019063444465873996;0.0012547081750714265;0.001665061522045194;0.001662035347190562;0.001537739837949715;0.0016898091885985981;0.0012235129783498045;0.0009920119700930466;0.001353057066952762;0.0015285364670289986;0.0012871513194209275;0.0013228469919630338;0.0015522762355633002;0.0010279316148192408;0.0016771602018345235;0.0011337084879663375;0.0013587355102226875;0.0012488411885136445;0.0013947115987742484;0.001295193168937461;0.0018197984902832847;0.0018888753465337333;0.0036704319980353016;0.001218923841844025;0.0011624756321611032;0.0018063044998556745;0.0016032707016965598;0.0017047863540327764;0.001346834904397722;0.0015538940983589884;0.0016480544657939582;0.0013819040871102107;0.0017856308144038123;0.0017596119958735441;0.001391816029370222;0.0015853164006911277;0.0;0.0013737652436917648;0.001766540881467573;0.0017290037306595838;0.0012414245993791198;0.002057075106890709;0.0017344777197613609;0.0015105614867955424;0.0015308009112396403;0.0018126796559184445;0.002816038320957499;0.0023175331332754828;0.0014579854143642868;0.0016862552210402779;0.004561190837610262;0.002515705143669954;0.0016956309670813532;0.0022980197821394254;0.0015344539797536084;0.0014313560931131445;0.0013648338942826334;0.0012832407146368145;0.0011490791704383597;0.0015610657451006326;0.0012459999016463208;0.0019252936233270812;0.0012789222110564306;0.0013371727291978598;0.0016696349492555018;0.0014670327769745685;0.0013103070698932886;0.0014092799476532302;0.0011329997955492424;0.0015054541578960361;0.001641397224016266;0.0014807836523225426;0.0014743994279965023;0.0;0.0017898786585337824;0.0014270981820750696;0.0017817747644341914;0.0015058157264025791;0.001499375359169059;0.0017427440228900057;0.001992306292092436;0.0014962189239376119;0.0016202462701850786;0.0017625564616770234;0.001632248981522124;0.0016478395372415647;0.0018495137053478796;0.0015093321460285917
ROCE;PermutationExplainer;GradientBoostingClassifier;0.0;0.008706776154635842;0.0;6.0087756109897845e-06;0.0;0.00036527990131978035;0.0002536316701359986;0.0;0.0;0.0014474578742247515;0.01962033597693925;0.0014644473496189365;0.0;0.0;0.0019051019378998723;0.0006936723795065899;3.1499097671097853e-06;7.139977788681551e-05;0.0;0.0005605829550988535;0.0013315057137783307;0.0009139936643364055;0.0;0.00044722634919554065;0.00380980604328878;0.0008936789661352469;1.022814406109445e-05;0.0;0.0008474415177422228;0.0;0.0;0.00013735894864372103;0.0;0.0010196127334464562;0.0;0.0004569676518685632;0.0007726060931025001;0.00310231889861354;0.0;0.005930228695569801;0.003910374440959962;8.992574737401764e-05;0.0;0.0002182917378347823;0.004206890689109347;0.000521168303775278;0.0014688911575539757;0.005392977301959922;0.0;0.0034875592221243912;0.0;0.0056657396832353575;0.0;0.0;0.0018002458597151424;0.0;0.0;0.0036026459197812445;0.0;0.003972593796883236;0.022348171571229657;0.00021262036160822883;0.0;0.0003039029109711143;0.0021525474808267013;0.0018845583428956207;0.0;0.0;0.0;0.0;0.0;0.0;0.002310006677980755;0.0;0.00028920047598592665;0.0;0.021450518793186525;0.0;0.0002637610807242729;0.0;0.0;0.0;0.0;0.014735126655401541;0.0009065360093355361;0.0;0.0;5.6441670294974714e-05;0.0056155607909096125;0.0009732926160240556;0.000897621178528688;0.000607709343840814;0.0;0.0;0.006295247387626627;0.008720109928673458;0.0007777182235312758;0.0;2.0657507860165155e-05;0.00257049118664073;0.000744733240647782;0.0001805771387709153;0.0002147542377491592;2.0383974372447694e-05;0.0;0.0;0.0;6.52198399984017e-05;0.0;0.00010796072761677292;0.0002481381183402488;0.0001529510292592259;0.0;0.00545038959328039;0.00021142907475299103;0.0;0.0017087387176191401;0.0023741153705881483;0.00010957789453686298;0.0003707035642652274;0.0;0.0010554057323001631;0.0;0.0;0.0003451668190841662;0.0;0.0;0.001389413971360756;0.0;0.0;0.0;0.004702687596835643;5.614558674855181e-05;0.0008835877005602177;4.476665723021402e-05;2.8549483611717882e-05;0.0006709352195032519;0.0032195534070729188;0.0029031563047083367;0.003993544818899836;8.298057011763753e-05;0.0012418021113456518;0.0;0.001227586527194055;0.0;0.0009174272856783868;0.006057807223511097;0.013201100915212417;0.0014196542187609265;0.18502329872060666;0.006198207335055828;2.7633317963506225e-06;0.0;2.985143236481236e-06;0.0026322157864618217;0.01336825870108401;0.026457845871914246;0.0012336204262554894;0.011936327600715172;0.03324549337322469;0.0006520722293500665;0.0009663854408989666;0.0007090323327966873;0.0;0.00010180995431256731;0.0007494155778214141;0.000135680644284269;0.0004096218602954105;0.003076707076767586;0.00015771861828007104;0.0;0.0018825228223383402;0.0;0.0;0.0020106036591433004;0.0008655322419729559;0.0006149017915230338;2.247596395092393e-05
ROCE;PermutationExplainer;RandomForestClassifier;0.0;0.003626567310313451;0.0030339726031583096;0.009642798413513246;0.003743504254557897;0.0024680768848280433;0.0020441799688732435;0.0020637643003813405;0.0034149720205501745;0.004441090287407664;0.017152846062932017;0.001990798336103785;0.0021079412951011947;0.0021685052332877036;0.0019686140241517566;0.0021633680555555486;0.0022891775965877517;0.0032048972463339736;0.0025801495632476142;0.0024370044034507563;0.002608847658159781;0.002231807195414097;0.0026671399237313;0.0020284954654346426;0.0020953248003280096;0.002125475640461526;0.002746929434784926;0.0029776545948632703;0.0021700687110915544;0.001142456691437701;0.002867800447826752;0.0019824773049503517;0.002470072286186891;0.0027744723831524447;0.0025760089000521555;0.0017699043585606765;0.002281378489537492;0.0035418781676770632;0.002202097684641967;0.0031040478727580967;0.0032599014538535853;0.0027845096008115773;0.003115839984436619;0.002823795152129989;0.0036533428465499846;0.003139225212672338;0.003130718427491399;0.0036680140701900246;0.0033548269592744754;0.003789897300039114;0.0041444825973137025;0.0032029010218050246;0.0;0.0;0.01058031901869234;0.0;0.0;0.0012871014023336932;0.002776626729490559;0.002873083932238201;0.019074892100826395;0.0014397413199537176;0.0035427039230305425;0.0016062337134545815;0.002740217561357198;0.005894704428229213;0.0020703078859880706;0.0;0.002177547881832407;0.0005323397623936655;0.0;0.0005512528722988187;0.002566688667253344;0.0;0.00036133197440821015;4.1923340177959955e-06;0.007488484016055229;6.086523418402166e-06;0.0008742605663928811;0.0019294658746455402;0.0;7.700205338811036e-08;5.133470225874974e-08;0.0035573273768781987;0.001910694261106218;0.0013589511118444614;0.001297798419068949;0.0018414819941494703;0.0024152543919689737;0.0014978447064143915;0.0009122953334311136;0.0019060710313386056;0.0009445209372249921;0.0005777659626478934;0.0034479987475591932;0.003943209732815098;0.002507404557640054;0.000494827264838172;0.0002121283123105534;0.0024799499690362084;0.001492820536325411;0.0007060810066046234;0.001389471008115773;0.0010205463377171552;0.0004901423926860253;0.0011327812102767169;4.611261855871864e-06;1.8816307323750935e-05;0.0013707461050813247;0.0024676573347511424;0.0023286080045467885;0.0016566933016361927;0.001742169670820858;0.0018750797521267207;0.00029086798425736056;0.0014824625378898962;0.0013019542632247993;0.0016015671343828466;0.0016909885171011994;0.001413617410353165;0.00011638347022587456;0.0004605706707734468;4.876796714578974e-06;6.491101984941937e-05;0.0012425146568723277;0.0004066542607802868;0.0;0.002018989042485572;0.0003733840569081851;0.0004454959910042062;0.0010588402024053988;0.002887776331442912;0.0027705720763664815;0.002597911950800164;0.00024611274078420247;0.0002835560892734907;0.0022772651437371664;0.002475835696359315;0.0017489739578240595;0.0024190089652390777;0.0018662265771531659;0.0020913575250895615;0.002076461633421334;0.0030754611039627796;0.00204335842011343;0.0038318060351979735;0.011275902869446885;0.004330462251215594;0.011058527325543497;0.04383272766718227;0.014712847609269598;0.003227008989684172;0.0019001959885596982;0.002476494186141262;0.0029929426395815042;0.005633239769727205;0.005818188740588625;0.0029108286804314766;0.003007633502634134;0.018141723216322816;0.00186542873643297;0.0018031340446856355;0.0015966019482741751;0.0;0.001490476007137965;0.00186387234770705;0.001973917235015154;0.002444661710423392;0.0019146195102239779;0.0015521094895863934;0.00215666313231316;0.002500206275871049;0.0015243173095726968;0.0010120864334160064;0.0011001782658648699;0.0019871535722434147;0.0014160188919852676;0.001974044551373221
ROCE;PermutationExplainer;MLPClassifier;0.0;0.14102568592096107;0.010923203555799203;0.05208376969896354;0.05973892469978521;0.29205559807772635;0.04054271913092802;1.1932410590353332e-09;6.274832639079285e-05;0.0002080384244321898;0.0001560586283704938;6.79262674829345e-06;0.0009590211962635108;0.13286413207850184;0.01997544919663748;0.018232479603816305;0.005453657863072627;0.08405287319352031;0.0072483238916401585;0.006828786976669089;0.011726186977057691;0.007173340054868656;0.15658263715267212;0.08491732234542809;0.0353670515783389;0.15924514491980904;0.08799388230075034;0.01571877714445704;0.0053324177268968456;0.001409179348783521;0.06403513423227916;0.007322749651450973;0.007188946953613631;0.011774611286434707;0.10586594363100099;0.003073883791468456;0.014126328127724906;0.027582737947500092;0.0005777585955583934;0.13461550903324285;0.023797586462512843;0.022793893313244613;0.016153983191995083;0.016363115413626644;0.04379193270056788;0.02094898039903659;0.011407673146378975;0.01132254750974451;0.04607212269139785;0.006475409833536359;0.04315573485146027;0.001173629789208727;0.0;0.0;0.01819578712809293;0.0;0.0;0.0031389085933813073;0.0029356858914186307;0.004242396562329166;0.027757564131940374;0.0034217723738621145;0.06607731262327256;0.005804607187569076;0.024529326317667306;0.023758941554993994;0.0026377835663432456;0.0;0.004517854886996295;0.0006151474122243175;0.0;0.0011111875103850975;0.0022389363164771027;0.0;0.0001319954991334844;1.5400410677618108e-05;0.007582523539970966;5.133541185163542e-05;0.0007753479342347019;0.0032288862596806696;0.0;0.0004004106776180698;0.0002566735112936345;0.004988582847136886;0.0018046007514320827;0.00040047132820464056;0.0028134205506412237;0.001376318613908555;0.0008576136281525941;0.0005659227218907204;0.00072149674510279;0.002208964853468644;0.0006033938894028335;0.00041254559402438193;0.0034043222505774295;0.023017462220286007;0.004801978627032639;0.00014111499069681583;2.8386823573285506e-05;0.0033112424163596363;0.003832195876744001;0.0008389311868114747;0.0008273842137282328;0.0027121633767862893;0.000246223699783394;0.00322364144445701;5.390143737166323e-05;0.00010524123723448593;0.0005013736376671897;0.0029828868251350117;0.006706800686082562;0.007188922679252438;0.009251351409015503;0.007093139888144589;0.00022884577244771846;0.003478793358761544;0.007043922504477087;0.0027831650446082912;0.007162843132101542;0.007783778008189673;5.6468172484599495e-05;0.00020763760880597662;0.0;6.673511293634495e-05;0.0007270365775727934;6.672931609129961e-05;0.0;0.004810177972090103;0.0019989201837558555;0.0013965761396295645;0.001246498510674603;0.006105274374226227;0.004368054067057788;0.0038997225435975507;0.0008575998778634185;0.0007854206401373878;0.010081714125868998;0.01202635571021681;0.004918709948902713;0.008986309652528128;0.030218734786080222;0.01874924733268755;0.00995419554304268;0.0101748519587434;0.0037215755936973946;0.0002212647255114812;0.0002506821197536618;8.166201260933726e-05;0.00025291744989160164;0.0002580492718230634;0.00011039771520953676;4.721025352372702e-05;2.142717834882222e-06;1.5856389978331717e-05;3.842603268071815e-05;3.655295992201138e-05;1.642135738845329e-05;1.3171465261057257e-05;2.0351841374658084e-06;0.00020798702594456317;1.3770703480165515e-05;1.9046603422594166e-06;2.17253808033904e-06;0.0;2.3401238324650252e-06;2.649961257889924e-08;4.487636223576818e-09;1.8687072898477644e-07;8.249283558629334e-06;6.845255679679349e-06;3.5361119232113016e-05;0.00047189752968367126;0.00012323955614656966;8.302799790333452e-07;2.6726538068081198e-05;0.0002024350104044232;8.65883218453176e-05;0.0003012308631924075
ROCE;TreeExplainer;GradientBoostingClassifier;0.0;0.03382790162607457;0.0;0.00016909664112607124;0.0;0.00159232637248949;0.0020663109756802033;0.0;8.08391160641729e-05;0.007346365466855335;0.05258043286588276;0.007242871496423739;0.0;0.0;0.0062442222963269714;0.003507821551236784;0.00010689898146988921;0.0005959553038388488;0.0;0.0031085397175326748;0.006413434217680308;0.003942723848315517;0.0;0.0016981190770748945;0.014600584856049726;0.0031323325678269728;0.0003256810065370475;0.0;0.0035000034311074304;0.0;0.0;0.0012571706135646903;0.0;0.004760291156368015;0.0;0.0009890397545159;0.0032972543605977417;0.013123666197595233;0.0;0.022259717876246445;0.012866275227693747;0.0005729717843574963;0.0;0.0009583244795987976;0.015711901146833174;0.002217611766984441;0.009475194030472237;0.028541084955462908;0.0;0.018510112707929485;0.0;0.03298324787323798;0.0;0.0;0.009061745887891026;0.0;0.0;0.014148722170964637;1.8657504389327525e-06;0.015852043944950912;0.13961638709013824;0.0007195841755914568;0.0;0.0011751059819481461;0.013067440366116267;0.008060142301868675;0.0;0.0;0.0;0.0;0.0;0.0;0.00811234065146333;0.00017151840712135215;0.0033233110776976164;0.0;0.10269599720331332;0.0;0.0006112253966849938;0.0;0.0;0.0;0.0;0.06935999193140417;0.011720398805909343;0.0;0.0;0.00036127149172495197;0.02383154855869082;0.005793593933123138;0.005347552329276362;0.0030516346388261314;0.0;0.0;0.04059658344309484;0.03904734553275472;0.003554988810419878;0.0;0.00014629228514773638;0.012915811980177773;0.0046898067371525486;0.0011835700298797125;0.0014501670615229161;0.00033908906561186923;0.0;0.0;0.0;0.00018463671713950922;0.0;0.0009506722727889282;0.0012001124002843796;0.0003128921945974901;0.0;0.030298308849339595;0.001518268846340497;0.0;0.007576960201829498;0.013604082511994343;0.0010652689983013124;0.0017244175926746162;0.0;0.0048168902722708256;0.0;0.0;0.001515733341996052;0.0;0.0;0.007693318732116683;0.0;0.0;0.0;0.02209276375855607;0.0005190500417474251;0.004551855827567248;0.00014653987540661355;0.00021405229538299536;0.003940240363557457;0.017909352377504698;0.026883282083835745;0.020565436257911643;0.0005561804599451126;0.005271554518975825;0.0;0.006043416117228235;0.0;0.006426836533726081;0.016042538082756217;0.06986310214242558;0.005519441282581828;0.8398967415641597;0.0291307029632225;8.31087994112142e-05;0.0;6.107998491529785e-05;0.011587762158724535;0.059635566468420186;0.12109518408403906;0.005482644316286242;0.06680186232922355;0.20048248405149463;0.0032709101271115753;0.005059715363054993;0.0024652806996602957;0.0;0.0013388600809474138;0.0036781757417357805;0.0009894588432607318;0.0009166095623344503;0.013236471821718231;0.0004778929379490708;0.0;0.008194558281252177;1.832980230785453e-05;0.0;0.006935445380997795;0.006176490293909694;0.001955161452261719;0.0001878036033069817
ROCE;TreeExplainer;RandomForestClassifier;3.3520057985487324e-06;0.0027746266266578334;0.0017658035906521466;0.008487716482699977;0.0027330711274685116;0.001362743987692783;0.0012417561401821713;0.0014955225718220578;0.002228812894412369;0.002982402947225723;0.021296711189512874;0.0014763893962861238;0.0014450905523800146;0.0011707506692346596;0.001343083618442416;0.0013545961094279654;0.001310964088420981;0.002458281319362134;0.0018994889446932062;0.0016763747277148214;0.0017238373973539776;0.0015775588379589368;0.0016477955944732836;0.0012534671345063534;0.0017643003503787394;0.0013050147359758774;0.0016248516222348197;0.0024588749290425198;0.0012452467565186416;0.0008960101895042451;0.002001648594911882;0.001306087310767504;0.001631176172990587;0.0018750629023942802;0.0017012743484893277;0.0011777706011240597;0.0016720809203317972;0.0024857333134001717;0.0014128745963274518;0.002434458181504574;0.0025356677765094988;0.0020807707746030146;0.0021663170407249157;0.0019078300389149564;0.0021839796947689095;0.0022743155589828885;0.004886364079170365;0.0032757264141771345;0.0018746579785909306;0.0029931339654023273;0.0031244419443043495;0.00399137558843175;0.0;0.0;0.008989513182955624;0.0;0.0;0.0010606960099839849;0.001804073522288522;0.0022420631995710687;0.022649834122180877;0.0011442712468215633;0.002480907569002669;0.0012444093460674184;0.0017554671602950753;0.0048466926970935275;0.0010925724111390228;0.0;0.0012449968752187078;0.00046529387244827674;3.4775964810374136e-05;0.0004912778533431347;0.00210930585719812;0.00010700226642857272;0.0006498856607038655;4.314995062931161e-05;0.009258318518301658;5.119050862531299e-05;0.0006462206989113102;0.0013575631928670988;0.0;3.6968285208459064e-06;4.8508151311188185e-06;0.00383430084479083;0.0019085582988463536;0.001081750267994935;0.0010739766299684148;0.0016399514038194522;0.0023787905944201685;0.0015119683252135584;0.0007107729953085177;0.001627677979055629;0.0008063390067893445;0.00045009720055303663;0.004539093294116724;0.0036423174087922188;0.0016542200058454399;0.000462319319458374;0.0002194154712482122;0.0017256962799058596;0.0011818971530244177;0.000549149387782453;0.0010113925754020566;0.0007882385678251143;0.0004627545233461508;0.0008407930775490271;3.759562080272397e-05;5.369083905664787e-05;0.00098871737366925;0.0020278569747216642;0.0016321175341304944;0.0011475295522170893;0.00119424877679919;0.0014655506268480807;0.0003951161478267996;0.001004274880904192;0.0012198867735670157;0.0012643174148928168;0.0011714992959598546;0.0013035699467131676;0.00014207978443600197;0.0005063007758616306;3.9646047291986245e-05;5.981143054560775e-05;0.0009506842742817076;0.00021419492693025335;3.699664883823158e-06;0.0013987515918966419;0.0003757930217977156;0.000367888595305986;0.0008045740763424826;0.0026606087959362185;0.002375373101136428;0.002205247997624998;0.0003073029662428634;0.0003160165944064011;0.0018242800445605468;0.0018680189002140315;0.0020573881024977046;0.002636982739295298;0.0012779519448051521;0.0014324633639862226;0.001279532456704266;0.0022639675622806604;0.001375153644971361;0.002550487321525789;0.011489503149784256;0.0024232199654565284;0.010964707834478797;0.041952259563163306;0.012267862843039058;0.0018903434160597748;0.0013563814168333207;0.0016502643225498;0.001741516378358006;0.005910116714041384;0.006224421861210492;0.002828508424569677;0.0028457097308858146;0.01764426418839496;0.001302986743849225;0.0012694342069947675;0.001174704427800786;0.0;0.0012486948496427408;0.001354556350732511;0.0014169770356200332;0.002037109218215234;0.001400334947317304;0.001181740824506919;0.0016385716345328491;0.0015543376632176599;0.0011051629303703806;0.0007673354097618233;0.000852586034768857;0.0014030787932614284;0.001036553037110536;0.001417193213984705
Utile Netto;KernelExplainer;GradientBoostingClassifier;0.0;0.00215315797221215;0.00015243422626969985;0.0008747984658742708;0.00013435166793586214;9.774437171412346e-05;0.0001020550894185721;0.00013548723613561827;0.00021881065318395788;0.00021523958843016296;9.586773890549194e-05;0.0001000360620101325;0.0001445729984714126;0.0001052324425222132;0.00036621775778180227;0.00021986208413147035;0.00022580656929560743;0.00010173474339605508;0.00021227667246941976;0.00014860079444393816;0.00017939631455905436;0.000211042601979335;0.00018647286832108469;0.0001218433000429527;0.0012067370786231959;0.00021681946374226484;0.0001463668956808809;0.00013932556295456904;0.00011906222525254258;0.00015956720813245804;0.00017326364151635845;0.0001433398408005567;0.00020067809535860052;0.00014704971130957573;8.981865902399087e-05;0.0001792018269115985;0.0001767459087914556;0.000851259680108853;0.00015814645456599456;0.0007092646728096944;0.00010646985208026484;0.00018266197320717338;0.00016944203691198422;0.00021429866122618096;0.00016629946911472145;0.002428705308304168;0.00020093170605926266;0.004643974070196507;0.00010991953585973553;0.009833206075823383;0.00016300205685658426;0.0064067863475215136;0.0;0.0;0.006703172928960571;0.0;0.0;0.0019929518833091305;0.00014965148520352094;0.0001914504442396491;0.00011990527060708165;0.0032771085816492005;0.00016506110718555515;0.0014308128650482635;0.0009727150750615732;0.0002828606777979891;0.0001264495715117893;0.0;9.045046775556288e-05;0.0001411091063731506;0.0;0.00014987476758456317;0.0014144075333883332;0.00012694706888191322;0.00046024947279728524;0.0001042609096995517;0.0229368142196045;0.00015208693575496807;0.00015307031817570038;0.00018833384048731272;0.0;0.0;0.0;0.006929308143363706;0.0003215345476369953;0.00013367808490512587;0.00011834732329833512;0.00015339833189600502;0.004678099560486001;0.00021569083990104546;0.0006007043198295987;0.00033366115100473396;0.00018476129904427497;0.00015349501830824245;0.0072127669508498;0.0004942172746452344;0.0001419508836267625;0.0001474182978364819;0.00014269710490241348;0.0001344292619131443;0.00012083586094726573;0.0002685725778699998;0.00019607022919091943;0.00013014798594437093;0.0001164943400023849;0.00022941652981817832;0.00011619527729459542;0.00019902859906186296;0.00014126589020256353;0.0001499387493626048;0.00012865507371345787;0.00019380968094909458;0.0001480992917963802;0.0008356479197160069;0.00013981891586969077;0.0001499651433590563;0.0005270639055524584;0.0007395409479575043;0.0010032893038253539;0.0001512780287114051;0.00013247528734520886;0.00013544371692852594;0.00012540048150280652;0.00010770428364706982;0.0001522291099081622;0.0001245220242381649;0.0;0.00019421273236506204;0.00014708344798917115;0.0001505568851264348;0.00011568853563968046;0.000130216734164841;9.599195366046755e-05;0.00014012135573568103;0.0001420784051169318;0.0002109153762092002;0.00022163492850373612;0.0002419352982263861;0.0011206122397032685;0.00017319063783740023;0.00016035088118746506;0.00011804019790553673;0.00018931757122870381;0.00014645492722894767;0.00017308329533956212;0.00017490638586350338;0.0014887977428039935;0.003109954659874215;0.0019129188960471456;0.01305799937657236;0.011585904701659645;9.833390355062829e-05;0.00018085646102797932;0.005734156472875909;0.00041390744262328913;0.015509204040894313;0.03510911481309975;0.0013195905792637596;0.0027626521120168385;0.0001884669200846773;0.00015567674260026925;0.00012931070164123678;0.00015333494382893458;0.0;0.00019628702122404887;0.00013947079524706047;0.00015764868379766073;0.0002176464842526609;0.0001725743337388844;0.00021684501348919366;0.0001290408024167287;0.00013242810736576388;0.00015726214534057605;0.00012729716360164312;0.0005089148028067056;0.00013792940302133046;0.00014186709331004662;0.00014378861121020723
Utile Netto;KernelExplainer;RandomForestClassifier;0.0;0.0008107717449681279;0.0006633818166401789;0.005842294691864936;0.0007002067907590846;0.00033010891294179504;0.00032810422780932166;0.00045857039165866003;0.00040631054789124876;0.0004330178151805528;0.0004479329700930436;0.0002804439729737544;0.0003481389028128267;0.0003571969187307375;0.0004324998931313575;0.0003786055153325685;0.0003982101443431386;0.0007249552174698977;0.0003138387455563301;0.00038438839121132537;0.0004394735873405582;0.0003243149958142811;0.00046239013861337834;0.0003618808884374528;0.0004353215019787451;0.00039150393381343323;0.0003819253853615954;0.0003168727742327368;0.00033609868556485863;0.00033437155249799384;0.0006912044404675071;0.00027135629615861667;0.0002963046086502401;0.0006201275922635542;0.000338641702011561;0.0003056586642076104;0.00040673805996082967;0.0015757885404326932;0.0004120738995705287;0.0012479300187594592;0.0012527773594539595;0.00044258870956773226;0.000687342009658173;0.0007213788804188798;0.0008349688636191567;0.002484113195925894;0.00026970543444383634;0.0030632869328905085;0.00038061289218224476;0.001977406565014785;0.0005455412908333353;0.002538345465468221;0.0;0.0;0.005670780973348107;0.0;0.0;0.0007595474695025509;0.0004060796430805439;0.0007046684235523779;0.00040254529662058994;0.0009109982562957807;0.0007318558137636724;0.0006224832009337724;0.0019545401834979294;0.0030092547204910256;0.0003690256238854961;0.0;0.00038186493082734276;0.00018327834632519833;0.00023065257231799681;0.00021280422796673813;0.0016647126152786642;0.00016873075300192163;0.00052722147948645;0.00023974552747426156;0.006542629806424672;0.00025499051175376634;0.0002628132481274317;0.0004047724114943895;0.0;0.0;0.0;0.0013389677678115174;0.00030687064714852937;0.0003727065892850034;0.0003487985644262399;0.00043561501822654726;0.0017552452476837343;0.0005289745612154013;0.00034041917047718826;0.0007115149152583967;0.00041546207013379923;0.0002139386575981462;0.0017800336884596932;0.000952473759124166;0.0003482956724597209;0.00027490658419903355;0.00021687453996242564;0.00035981161514757576;0.00024593410757991395;0.00022397131357132768;0.00026529702954086764;0.0003160874026906577;0.0002071050667226806;0.0001892985177136432;0.0;0.00025304422394732066;0.00039198012107218846;0.0004260867305660671;0.0005841067175365458;0.0003802450787716719;0.0003621929336439197;0.00033960589873721837;0.0001971431372359519;0.0003494725748280738;0.00024877128985670744;0.00029197237656070134;0.000496202853394129;0.0002764511703116883;0.00019121164542499976;0.00021642455968195052;0.0;0.00020861066088593495;0.0004523852532093509;0.0002237405795494035;0.0;0.0006893418790641821;0.00022586253983145361;0.00025658584579935784;0.00030349036445886907;0.0003041396208228177;0.0003525551076777687;0.0003078205443243996;0.0002927098073180853;0.00027598070283289556;0.00026296250407665834;0.0002786581950746681;0.0005484819429217925;0.0004768489059998;0.00029963573404176154;0.000392243721675271;0.00038897858092936847;0.0004464858263978766;0.00031180999971084023;0.0006001181668602206;0.0004107862650847219;0.0004235809436128632;0.003832290213431155;0.003419705714981141;0.005631199662052902;0.0003635278382821174;0.0004271378621116579;0.0007759201167468501;0.0003686831385770383;0.003932191570639004;0.008787602313533767;0.0015805226831929157;0.0007245021448028076;0.000495000125123669;0.00045031597753187415;0.00048217423355467585;0.0003634908616999636;0.0;0.000606528325797451;0.00043772330336017736;0.0006019721967908806;0.0004028508734908441;0.0003462477229556644;0.00034270717347657033;0.0003375301507922294;0.00033761440305978035;0.00029329182685708095;0.0003565239124438503;0.0005728895628137401;0.00043796428234703805;0.0002897835773702863;0.0003194878391754411
Utile Netto;KernelExplainer;MLPClassifier;0.0;0.044491016807772024;0.0022125141660762856;0.0029551613468345025;0.0032816781264575923;0.15902107385144806;0.024395799329765024;0.00128260030207032;0.001764003631853052;0.0014602826614083671;0.0014926424800538669;0.0018943289459127186;0.0020985192609147035;0.05638917609731462;0.03122115469139315;0.04188950435280597;0.012542629192944013;0.012522773783165174;0.002187048708648048;0.0021572592269049323;0.0017578456447366066;0.0022242178194297304;0.1234184822924007;0.059797034006580076;0.0022494959360967316;0.0057015349249537155;0.005977741915351186;0.0026608984960774422;0.0015883303143369794;0.0016021020688216942;0.003129861500734694;0.0016434072817917307;0.0017161369311618898;0.001765554209596986;0.02284767979959945;0.0015011762277723653;0.001912372231249055;0.005360409261544071;0.001416807472483844;0.05921264839219984;0.010421914061594489;0.0039566286319298;0.0024596193461596957;0.0018142154436520635;0.006552719166429238;0.0029118667791863326;0.0018724144855020147;0.0028647597262468055;0.009443588723823958;0.003404809014305228;0.003307905316170227;0.002249734056726451;0.0;0.0;0.010280286915283692;0.0;0.0;0.0015354212361960143;0.0040250166876723385;0.0026141862251361065;0.0019230682583743772;0.0022655343266376237;0.0035173338775434312;0.00203055581612283;0.002225980432280927;0.0016091733052297687;0.001609187774474712;0.0;0.0012479203402797874;0.0013424047526806471;0.0020272812614983197;0.0016582174044001456;0.0016853536383774179;0.0015643578053239347;0.0013378095241081917;0.001582495272151454;0.0048059469428543035;0.0011638992983372075;0.001489728853883476;0.001382244454343609;0.0;5.8599713989196304e-05;0.0;0.0026379302503570503;0.0028189423051298186;0.0015886552445251174;0.002534937204277488;0.0021343743867947925;0.0018372232887209497;0.0018671061798834336;0.0020793773876820235;0.001771299025152497;0.0014979410876280637;0.002251980734363702;0.0018951838721590506;0.002986673683006142;0.002841661939719255;0.0014576062569798345;0.0016329229972157071;0.002322961196718744;0.0017206996428014935;0.0015488065232604421;0.0015830524238491623;0.001957244695903669;0.001443386099866623;0.002414795744679506;0.0016925116240803443;0.0014250571154830812;0.0016876654281929946;0.0026895042156956208;0.005295986896177166;0.0013178247668714353;0.0018267607172680986;0.001667335464015615;0.001600869094932328;0.0025713128469817114;0.0016691866383423363;0.0013599143289306568;0.0024709642857120065;0.0019366015115246426;0.0014780562750000739;0.0015437558405342635;0.0;0.0;0.0019430421264159182;0.0015782140088462303;0.0014212957449769516;0.0017638216100239134;0.0020493281390812157;0.0016783755238755115;0.0015535672292489497;0.002048448349765964;0.001764570321552467;0.00152168778332362;0.0017297520367728276;0.002243815323792903;0.001954793416169078;0.0021013429561717806;0.0023467318137103755;0.0012158102580923497;0.0019594874454200526;0.0019033022957099237;0.0014437577722781851;0.0014820555088457374;0.001541201922327317;0.0014863439055942135;0.0014741312487379983;0.001747007324137074;0.0017140899477348437;0.0016799450210300269;0.0014516741390585657;0.0015710325721702357;0.0013572059717875684;0.0019820620185741285;0.0017318602153756338;0.001697999705126666;0.001647828300632303;0.0017526155595963733;0.001539371420006736;0.0017387382229111807;0.0017523095847264299;0.0018331869322839158;0.0018038839224936434;0.0;0.001612964860549203;0.0018280184894942045;0.001798481847948577;0.0017080852979407413;0.0012050110300541339;0.0016116034131938312;0.001261816572245049;0.001686352590918599;0.0014089476593057012;0.0014487507444170388;0.0015773731691513563;0.0019162526378383512;0.001714311820362943;0.0015863205542932183
Utile Netto;PermutationExplainer;GradientBoostingClassifier;0.0;0.007872800430344133;0.0;0.005768632389643869;8.969389961658722e-05;0.0;0.0;2.448930009572317e-05;0.0004632259980287176;0.003177829324450727;0.00048120261711501595;0.0002982159734548944;0.0;0.0;0.002259076566065835;0.00043250656455984807;0.000808539516330196;0.0;0.0011018082902307777;0.00020437228714272488;0.00015727302995127652;0.00013844362086873634;0.0;0.0;0.006722787277880642;0.0010028544228961151;1.0911427150207344e-07;8.77337707050046e-05;7.249284845159107e-05;0.0;0.000750131000137514;0.000471327194129185;0.00016810076998043991;0.0006524829568935252;0.0;2.4000836670383194e-05;3.037819453825363e-05;0.00505429896405825;0.0;0.0045204939253451525;0.00035112923297163986;0.0010383752121219184;0.0;0.0021833334571971946;0.0;0.007312870838094769;0.0;0.010851780738915654;0.0;0.01889929294631031;0.0;0.010908392723171607;0.0;0.0;0.015260289514916342;0.0;0.0;0.008313861073069261;0.0006554970645288896;0.00011342632579192757;0.0;0.012303479449275056;0.0;0.005803965408572089;0.00358870672341767;0.0020336883966518057;5.13572941100456e-05;0.0;3.1143339301386246e-05;0.0;0.0;0.0;0.008267515366194914;0.0;0.0010114597528835705;0.0;0.031410319375687674;0.0;0.00020614001317121152;0.0007113341237595756;0.0;0.0;0.0;0.0154750647665362;0.0016212238279915607;8.80521572539855e-06;0.0;1.775173075370173e-05;0.012141127823852293;0.0013896514684691309;0.0025095937022449025;0.0029773851099329186;2.3892165095230812e-05;0.0;0.012320599021587964;0.0023908280711593052;0.0;8.246186165747868e-05;0.0;0.0;0.0;0.00042700687032857506;0.0008552358900303555;0.0;0.0;0.0020808453553143817;0.0;0.0;0.00026942590706767716;0.0018016574738325866;0.0006589866405903852;0.0;0.0005018346900748234;0.005496105314851255;0.0;0.0;0.0036741404799140306;0.003759210092670379;0.004079402512276346;0.0;0.0;4.921409822361818e-05;0.0;0.0;2.8327974023085347e-05;0.0;0.0;0.0008565319235323761;0.0;0.0;2.5902580043484913e-05;0.0002711402994952903;0.00012091345311378953;0.0;4.770204483937919e-06;0.00011819834761589672;0.0025808686970229624;0.0021578981232793976;0.0031023594895582657;0.0010275747280260655;6.585429264978183e-05;0.0;0.0;0.0;0.00113698773499661;0.0005628042779771686;0.008315822010842657;0.012453985589171039;0.01012424244455354;0.022801722456242707;0.023212035094394592;0.00031555452342167233;0.0007528259761815051;0.014739412265104265;0.0042281198506404225;0.02500887293338034;0.045564486625896114;0.008004174315189797;0.01034884116761609;0.0015913429900847173;0.0011119299955558927;0.0;0.00032717200476618314;0.0;0.0013609098922564076;0.0006966562510565421;0.00017186348228038416;0.00045458727387148317;0.0004454533301106496;0.0003657085017146943;0.0;0.0;0.0;0.0004601297265865725;0.0027632274254442498;0.0007320324111594358;0.00022679033373822278;0.0014086734646178722
Utile Netto;PermutationExplainer;RandomForestClassifier;0.0;0.004514595097535938;0.003352690773605803;0.010993107857876211;0.0035893051786936585;0.0020038399885108087;0.002185129559010461;0.0021520309597144894;0.0024339673270916897;0.002885319904827094;0.0023958007806134064;0.001897803149750662;0.0021497644409406496;0.00192246504351227;0.0025422771727616447;0.0024840201997979156;0.002335043522456882;0.0036054888102571682;0.0025287349357093914;0.0025601798853525006;0.0023302781851960454;0.0020823437958345514;0.0022267242654248585;0.0023063449691991715;0.0023762362496333213;0.0020836652875558166;0.002142916605553924;0.002032153032414198;0.0018984800039112142;0.0013040675723574842;0.0035480649567321736;0.0019057101606042796;0.002383758616896454;0.0032715561748313266;0.00212846219973273;0.001817208319073689;0.0020329333198885365;0.005361243033147556;0.002386698730484669;0.005193703075600537;0.005500255583667412;0.003302316702519484;0.0037835225893060797;0.00434813325022001;0.00404358804105147;0.005921055793895244;0.0015301194041100405;0.006765071267641213;0.0030993913782145373;0.005484966347250734;0.003412582940174703;0.004231268079185817;0.0;0.0;0.01109803856621363;0.0;0.0;0.0032561378988624867;0.002566634582477757;0.003588098741892385;0.0019681185831622186;0.0035851949801994766;0.0038455593751018477;0.0025764258722825255;0.004670308079511761;0.007258547523304314;0.002132639978732754;0.0;0.0019743481409504235;0.0005517398186173851;0.0;0.0006217443715165744;0.005554293730240202;0.0;0.0005731161997653257;4.153832991102184e-05;0.011130706341058007;4.06793292265577e-05;0.0009316727473843768;0.0019378477824223488;0.0;2.5667351129332127e-08;2.575290896646291e-06;0.004793942138457027;0.001816847478895732;0.0016915568165151037;0.0014236410054268127;0.0023034523300250994;0.004827004569195904;0.0019645970837000094;0.0012211079536195053;0.0026420560464945828;0.0014232584498549564;0.0005728835741175347;0.0045009462289364805;0.0038577363738958896;0.0022750615201590557;0.0005835682507089117;0.00027577026498484494;0.0022597909944265192;0.0012788451117955743;0.0010034467993220598;0.0015408454947687473;0.0011170504546787908;0.0003306494450963148;0.0013278847963723445;2.8202429842573128e-05;2.6833932238193276e-05;0.001470530295622697;0.002375706218832501;0.0026253838694957816;0.0015802996153971478;0.0018784020647957963;0.001550568053111047;0.0003371263567028463;0.0015462536362080771;0.0016565342251719333;0.0019624912608780733;0.0025139729087220067;0.0014697285677618096;7.946740246406751e-05;0.00037336193409602043;8.127994524298528e-06;2.4563105016134127e-05;0.0013647406069717367;0.00017772190036178967;0.0;0.0028392721370718087;0.00043594334645220617;0.0004999267258238011;0.001077301719712523;0.0018167583357778468;0.0020308039381050145;0.0017537591057983722;0.00025819002395619737;0.0002637034422769811;0.0021146369393924597;0.0024585604893908246;0.002333581512173651;0.002551575679981103;0.0018569824361982993;0.0019292531106385074;0.0022546289234379544;0.001966438186499788;0.002356409962599006;0.0032173906285649224;0.002446871160082787;0.0031318267922329683;0.009257483367149062;0.008603438946334863;0.012937601019360489;0.0028225107762132936;0.0022810923596851486;0.0030250662563964695;0.002912002684886418;0.008646134985821839;0.015235369620041721;0.006043163012124775;0.003150546785877262;0.0027351792640396303;0.0020427174289462495;0.0021481869377627796;0.001976569008506888;0.0;0.0019795714469052522;0.0022191483430299;0.002224949225497865;0.0017690081402170754;0.002115813043903388;0.0015115401021805013;0.002007809261024741;0.0025477519882011724;0.0019949262572927866;0.0016123470348098135;0.0020961053665134776;0.0021788078432091584;0.0017449006510544044;0.0020403423637593244
Utile Netto;PermutationExplainer;MLPClassifier;0.0;0.12297256224434704;0.009026514513028992;0.021439034237013644;0.024482860298063753;0.28700223327708935;0.07725936350163996;1.0026997487999706e-06;1.2806193744339833e-05;1.8673822918642282e-05;3.185372348761656e-06;1.1718187634471764e-06;0.001863024109577388;0.12324432422175167;0.08284120919550925;0.09927038997836926;0.039632143512774914;0.04933587580801679;0.007911965811360128;0.0111427654144702;0.013442982949510886;0.009171086220640548;0.24188979550180412;0.13437948209001774;0.011317338884336909;0.040493720314481486;0.03801293848032549;0.023090716041646076;0.013443621317660057;0.003359313751108915;0.01776097597527342;0.0028267117454689105;0.008112457594408406;0.007340106314967032;0.08139612440235418;0.007670591514983663;0.009645306067962387;0.04030728024381827;0.000764969715854263;0.13442390296296555;0.04955350317556272;0.026784950431776772;0.01590044656284554;0.012463331751796845;0.03278412904429653;0.01629085022488512;0.0016796320082585366;0.013604498968114;0.04779240379667611;0.01670004694287921;0.022954058955553205;0.004988799036653475;0.0;0.0;0.04101330197542725;0.0;0.0;0.0037072253071730632;0.02110943172323633;0.012490877584747687;0.0018197015346084332;0.010032011524496107;0.023362811024466485;0.007956742822523061;0.009748404042589002;0.008445026896740987;0.003553947526762013;0.0;0.005064266875826051;0.0033711402520632005;0.0;0.003691009091070449;0.008633319527039496;0.0;0.00021817249102919393;3.593429158110882e-05;0.016228276733383087;4.799498063836782e-05;0.0007753689194832545;0.0031345730334525904;0.0;4.876796714579056e-05;4.620123203285422e-05;0.010149289311509784;0.009235079323847793;0.002688634750996741;0.001527755793906618;0.007531520837511317;0.006890705729477648;0.003956389826688557;0.0009702982868715252;0.0029479229591587203;0.0016489537921489722;0.0009996490635588281;0.0030407261169553093;0.022184820186509153;0.016264807181118293;0.0010705760902913137;0.0003235042735348629;0.013451241231269156;0.0028678313289933685;0.0030477983413426737;0.0032022204465311714;0.006266652236713832;0.0005329833076255725;0.01008106551651642;7.70020533880904e-06;0.00011550309050800652;0.0009515047952457127;0.012124657830050012;0.03067967145594198;0.0028884675377193214;0.003283053213543863;0.01087448559614668;0.00011806981517589853;0.00924949543399298;0.004698488980905496;0.004017613514127451;0.012186619669361451;0.004658839756741863;8.213552359230565e-05;0.0005059979487821814;4.8738451317683116e-05;0.0006237166332752172;0.0007600678553253673;0.0006108647538162275;0.0;0.005301747824526377;0.003857859301187235;0.00218952592444684;0.002278350417006416;0.006622681352867114;0.0058100496583319;0.003081073076712627;0.0028465092383061804;0.001768282628267964;0.007372924820482291;0.014048859073554432;0.007204728836088906;0.006765732692088178;0.014394536018145814;0.0047617721219088555;0.009269659039566365;0.007212279954973708;0.005624022201070965;3.885492139662479e-05;1.063548363922961e-05;1.1693159005152174e-06;6.587074880633349e-05;3.5566957941432095e-05;1.9291095666070767e-05;1.6180107529228754e-05;7.665761549421569e-06;2.110714131775645e-05;1.0547801080905851e-05;5.472550959001569e-07;1.0550050782534676e-05;2.1454254485043585e-05;2.255894481712076e-06;2.6741322784435763e-05;1.8082664841740835e-05;6.163028419373189e-05;2.7164586991160698e-05;0.0;3.940732101052091e-06;1.3333303347156341e-06;1.084278495255365e-06;2.68071424400228e-06;1.7671400834532158e-06;5.357516146689685e-06;2.988047144005034e-05;0.00015778121522951264;0.001034662447860362;4.037199434917145e-07;2.594612441876691e-05;5.650651147460591e-05;2.9323216038965285e-06;0.0010448231942211976
Utile Netto;TreeExplainer;GradientBoostingClassifier;0.0;0.030554510049944212;7.13582963558948e-07;0.023055933210483805;0.00033485474957478586;0.0;0.0;0.00020453983345269892;0.001147669028555383;0.008564982484049388;0.0013696774478410471;0.0010654549011449579;0.0;0.0;0.0128275721996887;0.002409470076620661;0.002620837833664072;0.0;0.004010601581926674;0.0011192155922323125;0.0014920751971927214;0.0004143251410259774;0.0;0.0;0.022659820897845986;0.004299957705706706;0.0;0.0003552276571264232;0.00030604219633514874;0.0;0.00265514321666829;0.0021778488614727348;0.0008609454933342619;0.002725762855904584;0.0;0.0003434307320489431;0.0002192025850968621;0.01805869403359778;0.0;0.017913618853739703;0.0018630601934968999;0.003550864100332461;0.0;0.008053102935887105;0.0;0.03684280712872864;0.0;0.04137691322557493;0.0;0.07795831116620383;0.0;0.06443837441266885;0.0;0.0;0.06979245549643856;0.0;0.0;0.03297571369506985;0.002405722027356955;0.001133783311912986;0.0;0.0459891044314584;0.0;0.021282770113229443;0.011702027732695368;0.007909058241351978;0.0007150216972775748;0.0;0.0006661608461925734;0.0;0.0;0.0;0.038192636776074415;0.0003749170717441252;0.0063338711119142735;0.0;0.1486284877707201;0.0;0.0007685272834035478;0.002871651985727833;0.0;0.0;0.0;0.07100616657875897;0.010942998984512611;3.079248962887882e-05;0.0;0.00011252913561837583;0.04744193252258033;0.006608006478012892;0.012102715002076759;0.012174413355744429;0.00026109145257424444;0.0;0.0689261806570584;0.011850039790201687;0.0;0.000446824676821216;0.0;0.0;0.0;0.0023642025668622786;0.0033652150647006866;0.0;0.0;0.010428677350265767;0.0;0.0;0.0012478228632268509;0.00690332549724681;0.003025924968482095;0.0;0.0015687054407870662;0.02541541682783765;0.0;0.0;0.011069661966718259;0.021150314743428954;0.026860842847987815;0.0;0.0;0.00018506709105051706;0.0;0.0;0.00012892926722199983;0.0;0.0;0.0053736982751216465;0.0;0.0;0.0003262258855373565;0.0010630439718772762;0.0006468012022353396;4.145550365847375e-06;6.906049707641296e-05;0.0007385483074535727;0.011500613475882377;0.009270542513211655;0.031080643326079856;0.0042308269340106215;0.0005684215514105258;0.0;0.0;0.0;0.00546481673259241;0.0014610817345482353;0.014637530529027953;0.03994498122816865;0.03781760779921521;0.0821603941509041;0.08086290613137972;0.000801231135764792;0.004418972888285363;0.036892816596493565;0.014586520740397449;0.08638465750845034;0.18717017493089633;0.03181564177421134;0.044437417583097175;0.006563047497446771;0.003979667670061135;0.0;0.0017077080553158988;0.0;0.006275059124369833;0.0033475501333548874;0.0008240036177165872;0.0019595712327371358;0.0021100142902981634;0.0018766661072433532;0.0;0.0;0.0;0.0011952051740904664;0.01076978420487135;0.0036410573109015134;0.0007387164971065801;0.008082889047581608
Utile Netto;TreeExplainer;RandomForestClassifier;1.7404340345487229e-06;0.00416781481823489;0.002443812539484638;0.009727560153610891;0.0023935018892150364;0.0011000167865157886;0.001173882964513507;0.0016813246102475802;0.0014695124578305296;0.001956255826355601;0.0014980608217372733;0.0013206917042368628;0.0013441460891946999;0.0010434149366932985;0.002020970461792325;0.0014064415550504314;0.001477701634994913;0.0029565367201801417;0.0017873149262762468;0.0016967686018938644;0.0014641423322300049;0.0014308320122007338;0.0012205692119415933;0.0014667909423905512;0.0019582421217459287;0.0013723478338956167;0.0012083402510362274;0.0011630786674140501;0.001101960997950437;0.0009505721013403616;0.0024017384328338027;0.00117202914625408;0.001489380761375955;0.0023252472560427043;0.0011783705479253516;0.0012386571388945519;0.0015050639975813442;0.004518566464389944;0.0016483913407933793;0.004790603683195666;0.00467062424983576;0.002484869051905116;0.002541428176114406;0.003825815155398123;0.002585317513985108;0.006750997193174495;0.0011765896179560145;0.007457242154901189;0.0017955448374504955;0.005450433490479659;0.0026341071811455574;0.007194786541238096;0.0;0.0;0.009598014105406678;0.0;0.0;0.0030403117719219027;0.0015407282054370254;0.0028206437485579954;0.0012989962414560305;0.004161712485294495;0.002631576822357539;0.002671713677465249;0.0037987090688406076;0.006509445150315174;0.0012358118077923147;0.0;0.0011205114178963456;0.0004681093691595638;3.400383248938031e-05;0.00045655602467430307;0.005279937860828115;0.0001289336830923003;0.0013556395749029838;9.00476363426312e-05;0.014583090467193055;6.851585404949024e-05;0.0007297949445795783;0.0015690735248299504;0.0;4.67205406713128e-06;4.566496634823151e-06;0.0060266180910006325;0.0018727447886822707;0.0014618533630331757;0.0011458261322884024;0.0022157072611983008;0.005496651307551224;0.00189711238879501;0.0011282126281983917;0.0026380993538470264;0.0013711207591707367;0.00041704070718466947;0.006949969739062339;0.0035151800608538473;0.0014215609173839014;0.0004931049557128968;0.00026452533062005303;0.0014215413615984546;0.0010007854194067193;0.0009032230684704719;0.0011972594276248173;0.0008546945820807527;0.0005430442847925635;0.0010699708440272252;3.6145071228140235e-05;8.653790435472843e-05;0.0011338916588909272;0.0019512946614185227;0.001998520483397144;0.0011236349225025757;0.0013679837261419004;0.0013022308008704868;0.00032707131484166745;0.0012168321327754017;0.0013075660894905487;0.0016206599675744368;0.0024885940262819517;0.0012703322180202033;0.00011150657895919386;0.0004143651847605847;4.319498674342061e-05;3.715173054006095e-05;0.0012398518448099225;0.00017613807523522438;3.1312447708738057e-06;0.0031746350382966314;0.00036782200774293527;0.000440363643742531;0.0008056043424300903;0.0014116237166670593;0.0014777470077649458;0.001381907155805701;0.00040481900063115995;0.00037905312216899255;0.0017792556299337126;0.0019275172265853942;0.002688708503249351;0.0024444151438499694;0.001336016612458457;0.0012696038296323914;0.0012845061629031913;0.001287254349903556;0.001555091561982889;0.002196902961349315;0.0014781682860008302;0.001986993741280634;0.00825523269251361;0.008121247923657851;0.010021682376539184;0.0017027434331275675;0.0017472675752012892;0.0022903708915256683;0.002193245329082652;0.009779637305605913;0.017861184333436475;0.006082714051048798;0.003311785858729335;0.0022183950483694263;0.0016313324920218468;0.0016278313051310736;0.0014346387759845845;0.0;0.0022757316229783313;0.0017863647378824358;0.001907575533038353;0.0011946792692158713;0.0014677701277416616;0.001321454878284554;0.0015356955987245553;0.0017479719648760919;0.0014874785262832186;0.0014490139262475113;0.0019521175853880412;0.0016415245662894284;0.00134405828031458;0.0016776936656702338